,robot_speed,robot_speed_kmh,simulation_duration,generation,robot_0_start,robot_0_end,robot_1_start,robot_1_end,robot_2_start,robot_2_end,robot_3_start,robot_3_end,robot_4_start,robot_4_end,robot_5_start,robot_5_end,robot_6_start,robot_6_end,robot_7_start,robot_7_end,robot_8_start,robot_8_end,robot_9_start,robot_9_end,num_risks,num_delivered,utilization_rate,delivery_rate,simulations,num_delivered_2,utilization_rate_2,delivery_rate_2,num_risks_2,unique_id_2,seed_2,requests_per_hour_2,execution_time_2,sequential_execution_time,execution_time,num_delivered_1,utilization_rate_1,delivery_rate_1,num_risks_1,unique_id_1,seed_1,requests_per_hour_1,execution_time_1,num_delivered_9,utilization_rate_9,delivery_rate_9,num_risks_9,unique_id_9,seed_9,requests_per_hour_9,execution_time_9,num_delivered_8,utilization_rate_8,delivery_rate_8,num_risks_8,unique_id_8,seed_8,requests_per_hour_8,execution_time_8,num_delivered_3,utilization_rate_3,delivery_rate_3,num_risks_3,unique_id_3,seed_3,requests_per_hour_3,execution_time_3,num_delivered_5,utilization_rate_5,delivery_rate_5,num_risks_5,unique_id_5,seed_5,requests_per_hour_5,execution_time_5,num_delivered_7,utilization_rate_7,delivery_rate_7,num_risks_7,unique_id_7,seed_7,requests_per_hour_7,execution_time_7,num_delivered_4,utilization_rate_4,delivery_rate_4,num_risks_4,unique_id_4,seed_4,requests_per_hour_4,execution_time_4,num_delivered_0,utilization_rate_0,delivery_rate_0,num_risks_0,unique_id_0,seed_0,requests_per_hour_0,execution_time_0
0,150,15.0,5,0,10,12,12,14,12,14,9,12,9,13,10,13,12,14,12,14,0,0,0,0,17.4,19.8,0.98,0.396,1,19.8,0.98,0.396,17.4,2,345664075654,50,92.90883612632751,92.90883612632751,122.23271870613098,,,,,,,,,,,,,,,,,,,,,,,,,,,,,,,,,,,,,,,,,,,,,,,,,,,,,,,,,,,,,,,,
1,172,17.2,5,0,12,14,10,11,12,13,11,12,10,12,9,10,11,13,11,13,0,0,0,0,8.0,12.0,0.9607986111111109,0.24,1,12.0,0.9607986111111109,0.24,8.0,12,345664075654,50,112.96346402168274,112.96346402168274,129.9487841129303,,,,,,,,,,,,,,,,,,,,,,,,,,,,,,,,,,,,,,,,,,,,,,,,,,,,,,,,,,,,,,,,
2,73,7.3,5,0,11,14,12,14,10,12,12,13,12,13,11,13,10,13,9,11,0,0,0,0,11.6,13.2,0.9445312499999998,0.264,1,13.2,0.9445312499999998,0.264,11.6,22,345664075654,50,140.3384130001068,140.3384130001068,158.1485834121704,,,,,,,,,,,,,,,,,,,,,,,,,,,,,,,,,,,,,,,,,,,,,,,,,,,,,,,,,,,,,,,,
3,143,14.3,5,0,11,14,11,14,10,12,12,14,9,12,10,14,10,12,11,14,12,14,0,0,13.4,23.6,0.9807458847736625,0.472,1,23.6,0.9807458847736625,0.472,13.4,32,345664075654,50,104.3988516330719,104.3988516330719,141.47386264801025,,,,,,,,,,,,,,,,,,,,,,,,,,,,,,,,,,,,,,,,,,,,,,,,,,,,,,,,,,,,,,,,
4,26,2.6,5,0,9,11,11,12,9,11,11,12,9,12,12,14,9,13,10,14,0,0,0,0,8.0,11.0,0.9376765046296296,0.22,1,11.0,0.9376765046296296,0.22,8.0,42,345664075654,50,192.70356941223145,192.70356941223145,215.16898226737976,,,,,,,,,,,,,,,,,,,,,,,,,,,,,,,,,,,,,,,,,,,,,,,,,,,,,,,,,,,,,,,,
5,190,19.0,5,0,10,11,10,14,10,14,11,14,11,13,10,11,12,14,12,14,10,12,0,0,16.8,21.0,0.9571476337448558,0.42,1,21.0,0.9571476337448558,0.42,16.8,52,345664075654,50,128.50513625144958,128.50513625144958,155.797025680542,,,,,,,,,,,,,,,,,,,,,,,,,,,,,,,,,,,,,,,,,,,,,,,,,,,,,,,,,,,,,,,,
6,158,15.8,5,0,11,12,12,14,11,12,11,12,11,12,12,14,10,11,12,14,12,14,0,0,7.6,12.4,0.9473456790123456,0.248,1,12.4,0.9473456790123456,0.248,7.6,62,345664075654,50,136.7672827243805,136.7672827243805,138.5897102355957,,,,,,,,,,,,,,,,,,,,,,,,,,,,,,,,,,,,,,,,,,,,,,,,,,,,,,,,,,,,,,,,
7,122,12.2,5,0,12,13,12,14,11,12,9,11,12,14,12,13,12,14,0,0,0,0,0,0,6.4,10.4,0.9376190476190474,0.208,1,10.4,0.9376190476190474,0.208,6.4,72,345664075654,50,115.69935727119446,115.69935727119446,146.73303031921387,,,,,,,,,,,,,,,,,,,,,,,,,,,,,,,,,,,,,,,,,,,,,,,,,,,,,,,,,,,,,,,,
8,94,9.4,5,0,12,14,12,14,12,14,10,12,10,13,12,13,11,13,12,13,0,0,0,0,9.4,13.6,0.9629224537037036,0.272,1,13.6,0.9629224537037036,0.272,9.4,82,345664075654,50,108.09158110618591,108.09158110618591,139.7188754081726,,,,,,,,,,,,,,,,,,,,,,,,,,,,,,,,,,,,,,,,,,,,,,,,,,,,,,,,,,,,,,,,
9,172,17.2,5,0,12,14,9,11,12,14,10,13,11,14,9,13,12,14,11,13,0,0,0,0,16.4,20.0,0.9741319444444443,0.4,1,20.0,0.9741319444444443,0.4,16.4,92,345664075654,50,107.54477095603943,107.54477095603943,140.29515933990479,,,,,,,,,,,,,,,,,,,,,,,,,,,,,,,,,,,,,,,,,,,,,,,,,,,,,,,,,,,,,,,,
10,157,15.7,5,0,12,14,11,14,11,14,10,14,11,14,11,13,11,14,12,14,12,14,0,0,19.8,23.8,0.9713477366255143,0.476,1,23.8,0.9713477366255143,0.476,19.8,102,345664075654,50,99.5609405040741,99.5609405040741,126.3949875831604,,,,,,,,,,,,,,,,,,,,,,,,,,,,,,,,,,,,,,,,,,,,,,,,,,,,,,,,,,,,,,,,
11,24,2.4,5,0,12,14,9,13,10,14,10,12,11,14,11,13,10,13,0,0,0,0,0,0,7.4,10.8,0.954646164021164,0.216,1,10.8,0.954646164021164,0.216,7.4,112,345664075654,50,182.4385244846344,182.4385244846344,211.529935836792,,,,,,,,,,,,,,,,,,,,,,,,,,,,,,,,,,,,,,,,,,,,,,,,,,,,,,,,,,,,,,,,
12,150,15.0,5,1,11,13,12,14,11,14,9,12,9,13,9,11,11,14,12,14,12,14,0,0,17.6,22.2,0.9574511316872426,0.444,1,22.2,0.9574511316872426,0.444,17.6,122,345664075654,50,145.00750494003296,145.00750494003296,145.0685408115387,,,,,,,,,,,,,,,,,,,,,,,,,,,,,,,,,,,,,,,,,,,,,,,,,,,,,,,,,,,,,,,,
13,122,12.2,5,1,10,11,12,14,9,11,12,13,12,14,0,0,0,0,0,0,0,0,0,0,7.4,7.6,0.965111111111111,0.152,1,7.6,0.965111111111111,0.152,7.4,132,345664075654,50,90.50313663482666,90.50313663482666,123.76177382469177,,,,,,,,,,,,,,,,,,,,,,,,,,,,,,,,,,,,,,,,,,,,,,,,,,,,,,,,,,,,,,,,
14,152,15.2,5,1,10,12,12,14,10,13,9,12,9,10,10,13,12,14,11,13,0,0,0,0,14.8,17.6,0.9633969907407407,0.352,1,17.6,0.9633969907407407,0.352,14.8,142,345664075654,50,128.14567708969116,128.14567708969116,141.58874583244324,,,,,,,,,,,,,,,,,,,,,,,,,,,,,,,,,,,,,,,,,,,,,,,,,,,,,,,,,,,,,,,,
15,21,2.1,5,1,12,13,12,14,9,12,10,14,10,13,11,13,10,13,0,0,0,0,0,0,7.0,9.2,0.9585780423280424,0.184,1,9.2,0.9585780423280424,0.184,7.0,152,345664075654,50,151.5920433998108,151.5920433998108,205.339688539505,,,,,,,,,,,,,,,,,,,,,,,,,,,,,,,,,,,,,,,,,,,,,,,,,,,,,,,,,,,,,,,,
16,94,9.4,5,1,12,14,12,14,12,14,10,12,10,13,12,13,11,13,12,13,0,0,0,0,9.4,13.6,0.9629224537037036,0.272,1,13.6,0.9629224537037036,0.272,9.4,82,345664075654,50,108.09158110618591,108.09158110618591,0.0020072460174560547,,,,,,,,,,,,,,,,,,,,,,,,,,,,,,,,,,,,,,,,,,,,,,,,,,,,,,,,,,,,,,,,
17,143,14.3,5,1,11,14,11,14,10,12,12,14,9,12,10,14,10,12,11,14,12,14,0,0,13.4,23.6,0.9807458847736625,0.472,1,23.6,0.9807458847736625,0.472,13.4,32,345664075654,50,104.3988516330719,104.3988516330719,0.001539468765258789,,,,,,,,,,,,,,,,,,,,,,,,,,,,,,,,,,,,,,,,,,,,,,,,,,,,,,,,,,,,,,,,
18,143,14.3,5,1,11,14,10,14,10,12,12,14,10,12,10,13,10,11,10,12,11,14,11,14,17.0,24.8,0.9764699074074074,0.496,1,24.8,0.9764699074074074,0.496,17.0,162,345664075654,50,114.32925748825073,114.32925748825073,146.0727617740631,,,,,,,,,,,,,,,,,,,,,,,,,,,,,,,,,,,,,,,,,,,,,,,,,,,,,,,,,,,,,,,,
19,172,17.2,5,1,11,14,10,11,12,13,9,12,10,12,11,13,0,0,0,0,0,0,0,0,8.0,12.0,0.9650077160493827,0.24,1,12.0,0.9650077160493827,0.24,8.0,172,345664075654,50,97.54523968696594,97.54523968696594,119.69451808929443,,,,,,,,,,,,,,,,,,,,,,,,,,,,,,,,,,,,,,,,,,,,,,,,,,,,,,,,,,,,,,,,
20,172,17.2,5,1,12,14,9,11,12,14,10,13,11,14,9,13,11,13,11,13,0,0,0,0,15.2,20.0,0.965587384259259,0.4,1,20.0,0.965587384259259,0.4,15.2,182,345664075654,50,116.1883373260498,116.1883373260498,129.66992735862732,,,,,,,,,,,,,,,,,,,,,,,,,,,,,,,,,,,,,,,,,,,,,,,,,,,,,,,,,,,,,,,,
21,143,14.3,5,1,10,14,11,14,10,12,12,14,9,12,10,14,10,12,11,14,12,14,0,0,18.6,24.4,0.972772633744856,0.488,1,24.4,0.972772633744856,0.488,18.6,192,345664075654,50,115.77472352981567,115.77472352981567,128.93206930160522,,,,,,,,,,,,,,,,,,,,,,,,,,,,,,,,,,,,,,,,,,,,,,,,,,,,,,,,,,,,,,,,
22,26,2.6,5,1,9,11,11,12,9,11,9,11,9,12,12,14,9,13,10,14,0,0,0,0,8.4,11.6,0.9482754629629628,0.232,1,11.6,0.9482754629629628,0.232,8.4,202,345664075654,50,178.86553025245667,178.86553025245667,199.05154466629028,,,,,,,,,,,,,,,,,,,,,,,,,,,,,,,,,,,,,,,,,,,,,,,,,,,,,,,,,,,,,,,,
23,172,17.2,5,1,12,14,9,11,12,14,11,12,11,14,9,13,11,14,11,13,0,0,0,0,13.6,19.0,0.9666811342592592,0.38,1,19.0,0.9666811342592592,0.38,13.6,212,345664075654,50,112.22889971733093,112.22889971733093,130.01419925689697,,,,,,,,,,,,,,,,,,,,,,,,,,,,,,,,,,,,,,,,,,,,,,,,,,,,,,,,,,,,,,,,
24,122,12.2,5,2,10,11,12,14,11,12,9,11,12,14,12,14,0,0,0,0,0,0,0,0,5.2,10.0,0.9843749999999997,0.2,1,10.0,0.9843749999999997,0.2,5.2,222,345664075654,50,65.8869149684906,65.8869149684906,108.7439284324646,,,,,,,,,,,,,,,,,,,,,,,,,,,,,,,,,,,,,,,,,,,,,,,,,,,,,,,,,,,,,,,,
25,26,2.6,5,2,9,10,9,10,9,12,12,14,9,13,0,0,0,0,0,0,0,0,0,0,4.2,6.2,0.9300740740740739,0.124,1,6.2,0.9300740740740739,0.124,4.2,232,345664075654,50,155.70204830169678,155.70204830169678,159.48806023597717,,,,,,,,,,,,,,,,,,,,,,,,,,,,,,,,,,,,,,,,,,,,,,,,,,,,,,,,,,,,,,,,
26,24,2.4,5,2,12,14,9,12,10,12,10,13,0,0,0,0,0,0,0,0,0,0,0,0,4.0,5.4,0.9130092592592592,0.108,1,5.4,0.9130092592592592,0.108,4.0,242,345664075654,50,140.7606508731842,140.7606508731842,140.78074169158936,,,,,,,,,,,,,,,,,,,,,,,,,,,,,,,,,,,,,,,,,,,,,,,,,,,,,,,,,,,,,,,,
27,122,12.2,5,2,10,11,12,14,9,12,11,14,9,11,11,13,12,13,12,14,0,0,0,0,12.6,15.0,0.9671354166666665,0.3,1,15.0,0.9671354166666665,0.3,12.6,252,345664075654,50,123.1497688293457,123.1497688293457,140.94021439552307,,,,,,,,,,,,,,,,,,,,,,,,,,,,,,,,,,,,,,,,,,,,,,,,,,,,,,,,,,,,,,,,
28,21,2.1,5,2,12,13,13,14,9,12,10,14,10,13,11,13,10,13,0,0,0,0,0,0,6.4,9.2,0.9663392857142856,0.184,1,9.2,0.9663392857142856,0.184,6.4,262,345664075654,50,142.90990614891052,142.90990614891052,171.2673478126526,,,,,,,,,,,,,,,,,,,,,,,,,,,,,,,,,,,,,,,,,,,,,,,,,,,,,,,,,,,,,,,,
29,21,2.1,5,2,12,13,12,14,9,12,10,14,10,13,11,13,10,13,0,0,0,0,0,0,7.0,9.2,0.9585780423280424,0.184,1,9.2,0.9585780423280424,0.184,7.0,152,345664075654,50,151.5920433998108,151.5920433998108,0.0016820430755615234,,,,,,,,,,,,,,,,,,,,,,,,,,,,,,,,,,,,,,,,,,,,,,,,,,,,,,,,,,,,,,,,
30,23,2.3,5,2,9,11,12,13,9,11,10,13,9,10,9,12,9,13,10,14,0,0,0,0,6.4,11.0,0.9613396990740739,0.22,1,11.0,0.9613396990740739,0.22,6.4,272,345664075654,50,185.89482188224792,185.89482188224792,221.17691659927368,,,,,,,,,,,,,,,,,,,,,,,,,,,,,,,,,,,,,,,,,,,,,,,,,,,,,,,,,,,,,,,,
31,26,2.6,5,2,10,12,9,12,10,11,10,13,12,14,11,13,10,13,0,0,0,0,0,0,7.2,9.0,0.9153108465608465,0.18,1,9.0,0.9153108465608465,0.18,7.2,282,345664075654,50,204.68045210838318,204.68045210838318,204.70045709609985,,,,,,,,,,,,,,,,,,,,,,,,,,,,,,,,,,,,,,,,,,,,,,,,,,,,,,,,,,,,,,,,
32,119,11.9,5,2,12,14,10,14,11,12,10,13,9,11,9,11,12,13,0,0,0,0,0,0,10.6,13.6,0.9191104497354495,0.272,1,13.6,0.9191104497354495,0.272,10.6,292,345664075654,50,165.44520354270935,165.44520354270935,165.5130512714386,,,,,,,,,,,,,,,,,,,,,,,,,,,,,,,,,,,,,,,,,,,,,,,,,,,,,,,,,,,,,,,,
33,26,2.6,5,2,12,14,11,14,12,14,11,13,10,13,0,0,0,0,0,0,0,0,0,0,3.4,7.0,0.9770925925925926,0.14,1,7.0,0.9770925925925926,0.14,3.4,302,345664075654,50,89.58736085891724,89.58736085891724,160.42657494544983,,,,,,,,,,,,,,,,,,,,,,,,,,,,,,,,,,,,,,,,,,,,,,,,,,,,,,,,,,,,,,,,
34,122,12.2,5,2,12,13,11,14,9,11,12,14,9,11,0,0,0,0,0,0,0,0,0,0,6.0,9.8,0.9793333333333333,0.196,1,9.8,0.9793333333333333,0.196,6.0,312,345664075654,50,80.41309714317322,80.41309714317322,110.91785740852356,,,,,,,,,,,,,,,,,,,,,,,,,,,,,,,,,,,,,,,,,,,,,,,,,,,,,,,,,,,,,,,,
35,73,7.3,5,2,11,14,12,14,11,12,9,10,11,13,10,11,11,13,0,0,0,0,0,0,8.4,10.4,0.9806547619047618,0.208,1,10.4,0.9806547619047618,0.208,8.4,322,345664075654,50,101.80455684661865,101.80455684661865,162.1240177154541,,,,,,,,,,,,,,,,,,,,,,,,,,,,,,,,,,,,,,,,,,,,,,,,,,,,,,,,,,,,,,,,
36,24,2.4,5,3,12,14,9,12,10,12,10,13,0,0,0,0,0,0,0,0,0,0,0,0,4.1,5.7,0.9270254629629628,0.11399999999999999,2,5.4,0.9130092592592592,0.108,4.0,242,345664075654,50,140.7606508731842,253.20870065689087,0.0017473697662353516,6.0,0.9410416666666666,0.12,4.2,241.0,952039434492.0,50.0,112.44804978370667,,,,,,,,,,,,,,,,,,,,,,,,,,,,,,,,,,,,,,,,,,,,,,,,,,,,,,,,
37,119,11.9,5,3,12,14,9,13,11,12,10,13,9,11,9,11,12,13,0,0,0,0,0,0,9.1,13.9,0.9429117063492063,0.278,2,14.0,0.9358002645502644,0.28,9.0,332,345664075654,50,133.8641083240509,265.5370342731476,147.38710379600525,13.8,0.9500231481481481,0.276,9.2,331.0,952039434492.0,50.0,131.67292594909668,,,,,,,,,,,,,,,,,,,,,,,,,,,,,,,,,,,,,,,,,,,,,,,,,,,,,,,,
38,24,2.4,5,3,11,12,10,12,9,11,9,11,9,11,0,0,0,0,0,0,0,0,0,0,2.7,5.1,0.9324166666666667,0.10200000000000001,2,5.0,0.9176944444444445,0.1,2.8,342,345664075654,50,151.95795011520386,283.7489552497864,166.09575176239014,5.2,0.9471388888888889,0.104,2.6,341.0,952039434492.0,50.0,131.79100513458252,,,,,,,,,,,,,,,,,,,,,,,,,,,,,,,,,,,,,,,,,,,,,,,,,,,,,,,,
39,121,12.1,5,3,12,14,9,12,12,14,9,12,0,0,0,0,0,0,0,0,0,0,0,0,7.5,9.4,0.9595601851851852,0.188,2,9.4,0.9629166666666665,0.188,6.8,352,345664075654,50,86.53427410125732,172.97557926177979,92.19460463523865,9.4,0.9562037037037037,0.188,8.2,351.0,952039434492.0,50.0,86.44130516052246,,,,,,,,,,,,,,,,,,,,,,,,,,,,,,,,,,,,,,,,,,,,,,,,,,,,,,,,
40,24,2.4,5,3,12,14,9,12,10,12,10,13,0,0,0,0,0,0,0,0,0,0,0,0,4.1,5.7,0.9270254629629628,0.11399999999999999,2,5.4,0.9130092592592592,0.108,4.0,242,345664075654,50,140.7606508731842,253.20870065689087,0.0017817020416259766,6.0,0.9410416666666666,0.12,4.2,241.0,952039434492.0,50.0,112.44804978370667,,,,,,,,,,,,,,,,,,,,,,,,,,,,,,,,,,,,,,,,,,,,,,,,,,,,,,,,
41,24,2.4,5,3,12,14,9,12,10,12,10,13,0,0,0,0,0,0,0,0,0,0,0,0,4.1,5.7,0.9270254629629628,0.11399999999999999,2,5.4,0.9130092592592592,0.108,4.0,242,345664075654,50,140.7606508731842,253.20870065689087,0.0019047260284423828,6.0,0.9410416666666666,0.12,4.2,241.0,952039434492.0,50.0,112.44804978370667,,,,,,,,,,,,,,,,,,,,,,,,,,,,,,,,,,,,,,,,,,,,,,,,,,,,,,,,
42,24,2.4,5,3,10,12,9,12,11,13,10,13,0,0,0,0,0,0,0,0,0,0,0,0,3.2,5.7,0.9270254629629628,0.11399999999999999,2,5.4,0.9130092592592592,0.108,3.0,362,345664075654,50,140.3841769695282,251.6037003993988,140.56917548179626,6.0,0.9410416666666666,0.12,3.4,361.0,952039434492.0,50.0,111.2195234298706,,,,,,,,,,,,,,,,,,,,,,,,,,,,,,,,,,,,,,,,,,,,,,,,,,,,,,,,
43,25,2.5,5,3,11,13,9,12,10,13,12,14,9,11,10,13,0,0,0,0,0,0,0,0,5.199999999999999,8.6,0.9430054012345679,0.172,2,8.6,0.9396836419753086,0.172,5.6,372,345664075654,50,167.369393825531,326.0890190601349,167.40821385383606,8.6,0.9463271604938271,0.172,4.8,371.0,952039434492.0,50.0,158.71962523460388,,,,,,,,,,,,,,,,,,,,,,,,,,,,,,,,,,,,,,,,,,,,,,,,,,,,,,,,
44,26,2.6,5,3,12,14,9,12,10,13,12,14,11,13,10,13,0,0,0,0,0,0,0,0,6.6,8.8,0.9702507716049383,0.176,2,9.0,0.9817669753086421,0.18,5.8,382,345664075654,50,104.55738759040833,235.17119646072388,164.09899616241455,8.6,0.9587345679012346,0.172,7.4,381.0,952039434492.0,50.0,130.61380887031555,,,,,,,,,,,,,,,,,,,,,,,,,,,,,,,,,,,,,,,,,,,,,,,,,,,,,,,,
45,26,2.6,5,3,10,12,10,13,12,14,11,13,10,13,0,0,0,0,0,0,0,0,0,0,4.5,7.2,0.9754629629629629,0.14400000000000002,2,7.0,0.9761666666666666,0.14,4.4,392,345664075654,50,97.87736511230469,198.57218980789185,152.43038392066956,7.4,0.9747592592592591,0.148,4.6,391.0,952039434492.0,50.0,100.69482469558716,,,,,,,,,,,,,,,,,,,,,,,,,,,,,,,,,,,,,,,,,,,,,,,,,,,,,,,,
46,26,2.6,5,3,12,14,10,13,9,11,10,13,0,0,0,0,0,0,0,0,0,0,0,0,3.7,5.9,0.9531655092592592,0.118,2,5.6,0.9331712962962964,0.112,3.6,402,345664075654,50,139.2667043209076,231.16589784622192,139.3350214958191,6.2,0.9731597222222221,0.124,3.8,401.0,952039434492.0,50.0,91.89919352531433,,,,,,,,,,,,,,,,,,,,,,,,,,,,,,,,,,,,,,,,,,,,,,,,,,,,,,,,
47,24,2.4,5,3,12,14,9,12,12,14,11,13,10,13,0,0,0,0,0,0,0,0,0,0,4.0,6.8,0.9403842592592593,0.136,2,6.6,0.9188425925925927,0.132,3.6,412,345664075654,50,151.86811780929565,267.2004110813141,152.9830756187439,7.0,0.9619259259259259,0.14,4.4,411.0,952039434492.0,50.0,115.33229327201843,,,,,,,,,,,,,,,,,,,,,,,,,,,,,,,,,,,,,,,,,,,,,,,,,,,,,,,,
48,24,2.4,5,4,12,14,9,12,10,12,10,13,0,0,0,0,0,0,0,0,0,0,0,0,4.466666666666666,5.733333333333333,0.9325733024691357,0.11466666666666665,3,5.4,0.9130092592592592,0.108,4.0,242,345664075654,50,140.7606508731842,365.5514807701111,0.0019195079803466797,6.0,0.9410416666666666,0.12,4.2,241.0,952039434492.0,50.0,112.44804978370667,5.8,0.9436689814814815,0.116,5.2,249.0,569900414597.0,50.0,112.34278011322021,,,,,,,,,,,,,,,,,,,,,,,,,,,,,,,,,,,,,,,,,,,,,,,,
49,24,2.4,5,4,11,12,10,12,9,11,9,11,9,11,0,0,0,0,0,0,0,0,0,0,2.733333333333333,5.133333333333333,0.9338055555555554,0.10266666666666667,3,5.0,0.9176944444444445,0.1,2.8,342,345664075654,50,151.95795011520386,413.18867659568787,0.0016810894012451172,5.2,0.9471388888888889,0.104,2.6,341.0,952039434492.0,50.0,131.79100513458252,5.2,0.9365833333333331,0.104,2.8,349.0,569900414597.0,50.0,129.4397213459015,,,,,,,,,,,,,,,,,,,,,,,,,,,,,,,,,,,,,,,,,,,,,,,,
50,24,2.4,5,4,12,14,9,12,10,12,10,13,0,0,0,0,0,0,0,0,0,0,0,0,4.466666666666666,5.733333333333333,0.9325733024691357,0.11466666666666665,3,5.4,0.9130092592592592,0.108,4.0,242,345664075654,50,140.7606508731842,365.5514807701111,0.0015561580657958984,6.0,0.9410416666666666,0.12,4.2,241.0,952039434492.0,50.0,112.44804978370667,5.8,0.9436689814814815,0.116,5.2,249.0,569900414597.0,50.0,112.34278011322021,,,,,,,,,,,,,,,,,,,,,,,,,,,,,,,,,,,,,,,,,,,,,,,,
51,26,2.6,5,4,10,12,9,12,10,11,10,13,12,14,11,13,10,13,0,0,0,0,0,0,6.533333333333334,9.133333333333333,0.923994708994709,0.18266666666666667,3,9.0,0.9153108465608465,0.18,7.2,282,345664075654,50,204.68045210838318,584.0554275512695,0.0014157295227050781,9.0,0.9402248677248677,0.18,5.2,281.0,952039434492.0,50.0,175.56234097480774,9.4,0.9164484126984129,0.188,7.2,289.0,569900414597.0,50.0,203.8126344680786,,,,,,,,,,,,,,,,,,,,,,,,,,,,,,,,,,,,,,,,,,,,,,,,
52,24,2.4,5,4,10,12,9,12,11,13,10,13,0,0,0,0,0,0,0,0,0,0,0,0,3.8000000000000003,5.733333333333333,0.9323109567901233,0.11466666666666665,3,5.4,0.9130092592592592,0.108,3.0,362,345664075654,50,140.3841769695282,366.8905539512634,0.0009675025939941406,6.0,0.9410416666666666,0.12,3.4,361.0,952039434492.0,50.0,111.2195234298706,5.8,0.9428819444444444,0.116,5.0,369.0,569900414597.0,50.0,115.28685355186462,,,,,,,,,,,,,,,,,,,,,,,,,,,,,,,,,,,,,,,,,,,,,,,,
53,24,2.4,5,4,10,12,9,12,11,13,10,13,0,0,0,0,0,0,0,0,0,0,0,0,3.8000000000000003,5.733333333333333,0.9323109567901233,0.11466666666666665,3,5.4,0.9130092592592592,0.108,3.0,362,345664075654,50,140.3841769695282,366.8905539512634,0.0006663799285888672,6.0,0.9410416666666666,0.12,3.4,361.0,952039434492.0,50.0,111.2195234298706,5.8,0.9428819444444444,0.116,5.0,369.0,569900414597.0,50.0,115.28685355186462,,,,,,,,,,,,,,,,,,,,,,,,,,,,,,,,,,,,,,,,,,,,,,,,
54,24,2.4,5,4,12,14,9,12,10,12,10,13,0,0,0,0,0,0,0,0,0,0,0,0,4.466666666666666,5.733333333333333,0.9325733024691357,0.11466666666666665,3,5.4,0.9130092592592592,0.108,4.0,242,345664075654,50,140.7606508731842,365.5514807701111,0.0006558895111083984,6.0,0.9410416666666666,0.12,4.2,241.0,952039434492.0,50.0,112.44804978370667,5.8,0.9436689814814815,0.116,5.2,249.0,569900414597.0,50.0,112.34278011322021,,,,,,,,,,,,,,,,,,,,,,,,,,,,,,,,,,,,,,,,,,,,,,,,
55,29,2.9,5,4,12,14,9,12,10,12,10,13,0,0,0,0,0,0,0,0,0,0,0,0,4.666666666666667,6.266666666666666,0.9739776234567902,0.12533333333333332,3,5.8,0.9640046296296296,0.116,4.4,422,345664075654,50,103.4335629940033,262.6948540210724,124.61601257324219,6.4,0.9691782407407407,0.128,4.6,421.0,952039434492.0,50.0,90.63768124580383,6.6,0.98875,0.132,5.0,429.0,569900414597.0,50.0,68.62360978126526,,,,,,,,,,,,,,,,,,,,,,,,,,,,,,,,,,,,,,,,,,,,,,,,
56,24,2.4,5,4,12,14,9,11,10,12,10,13,0,0,0,0,0,0,0,0,0,0,0,0,3.4000000000000004,5.0,0.927511574074074,0.10000000000000002,3,4.8,0.9109606481481481,0.096,4.2,432,345664075654,50,145.6588842868805,395.9118115901947,145.72247123718262,5.2,0.9443634259259258,0.104,3.6,431.0,952039434492.0,50.0,115.46556663513184,5.0,0.9272106481481481,0.1,2.4,439.0,569900414597.0,50.0,134.78736066818237,,,,,,,,,,,,,,,,,,,,,,,,,,,,,,,,,,,,,,,,,,,,,,,,
57,24,2.4,5,4,11,12,10,12,9,11,9,11,9,11,0,0,0,0,0,0,0,0,0,0,2.733333333333333,5.133333333333333,0.9338055555555554,0.10266666666666667,3,5.0,0.9176944444444445,0.1,2.8,342,345664075654,50,151.95795011520386,413.18867659568787,0.002077341079711914,5.2,0.9471388888888889,0.104,2.6,341.0,952039434492.0,50.0,131.79100513458252,5.2,0.9365833333333331,0.104,2.8,349.0,569900414597.0,50.0,129.4397213459015,,,,,,,,,,,,,,,,,,,,,,,,,,,,,,,,,,,,,,,,,,,,,,,,
58,23,2.3,5,4,11,12,10,12,9,11,9,11,9,11,0,0,0,0,0,0,0,0,0,0,2.733333333333333,4.8,0.9169814814814815,0.09600000000000002,3,5.0,0.9264166666666667,0.1,3.4,442,345664075654,50,148.60656905174255,460.81620931625366,200.6732621192932,4.4,0.9034166666666665,0.088,2.6,441.0,952039434492.0,50.0,162.1907434463501,5.0,0.921111111111111,0.1,2.2,449.0,569900414597.0,50.0,150.018896818161,,,,,,,,,,,,,,,,,,,,,,,,,,,,,,,,,,,,,,,,,,,,,,,,
59,26,2.6,5,4,12,14,11,14,12,14,11,13,9,11,0,0,0,0,0,0,0,0,0,0,4.266666666666667,6.6000000000000005,0.9659629629629629,0.132,3,6.4,0.9752037037037036,0.128,3.8,452,345664075654,50,104.52193117141724,340.97755002975464,158.35033059120178,6.6,0.9573425925925925,0.132,4.8,451.0,952039434492.0,50.0,122.39574432373047,6.8,0.9653425925925925,0.136,4.2,459.0,569900414597.0,50.0,114.05987453460693,,,,,,,,,,,,,,,,,,,,,,,,,,,,,,,,,,,,,,,,,,,,,,,,
60,24,2.4,5,5,11,12,10,12,9,11,9,11,9,11,0,0,0,0,0,0,0,0,0,0,2.8500000000000005,5.1499999999999995,0.9360555555555555,0.103,4,5.0,0.9176944444444445,0.1,2.8,342,345664075654,50,151.95795011520386,546.004184961319,0.0020554065704345703,5.2,0.9471388888888889,0.104,2.6,341.0,952039434492.0,50.0,131.79100513458252,5.2,0.9365833333333331,0.104,2.8,349.0,569900414597.0,50.0,129.4397213459015,5.2,0.9428055555555556,0.104,3.2,348.0,957079198240.0,50.0,132.8155083656311,,,,,,,,,,,,,,,,,,,,,,,,,,,,,,,,,,,,,,,,
61,24,2.4,5,5,12,14,9,12,9,11,9,11,0,0,0,0,0,0,0,0,0,0,0,0,3.55,5.050000000000001,0.9386631944444443,0.101,4,4.8,0.8942824074074074,0.096,2.0,462,345664075654,50,160.18581247329712,490.86974811553955,160.20566511154175,5.2,0.9430902777777777,0.104,2.8,461.0,952039434492.0,50.0,118.67755484580994,5.4,0.951574074074074,0.108,5.0,469.0,569900414597.0,50.0,106.69624614715576,4.8,0.9657060185185184,0.096,4.4,468.0,957079198240.0,50.0,105.31013464927673,,,,,,,,,,,,,,,,,,,,,,,,,,,,,,,,,,,,,,,,
62,16,1.6,5,5,11,12,10,12,9,11,9,11,9,11,0,0,0,0,0,0,0,0,0,0,3.0,4.25,0.9366666666666665,0.08499999999999999,4,4.4,0.9375277777777777,0.088,2.8,472,345664075654,50,120.13524961471558,533.9087862968445,178.01013660430908,4.0,0.9428055555555555,0.08,2.8,471.0,952039434492.0,50.0,123.82022309303284,4.4,0.943611111111111,0.088,4.4,479.0,569900414597.0,50.0,132.730051279068,4.2,0.9227222222222222,0.084,2.0,478.0,957079198240.0,50.0,157.22326231002808,,,,,,,,,,,,,,,,,,,,,,,,,,,,,,,,,,,,,,,,
63,24,2.4,5,5,11,12,10,12,9,11,9,11,9,11,0,0,0,0,0,0,0,0,0,0,2.8500000000000005,5.1499999999999995,0.9360555555555555,0.103,4,5.0,0.9176944444444445,0.1,2.8,342,345664075654,50,151.95795011520386,546.004184961319,0.0019664764404296875,5.2,0.9471388888888889,0.104,2.6,341.0,952039434492.0,50.0,131.79100513458252,5.2,0.9365833333333331,0.104,2.8,349.0,569900414597.0,50.0,129.4397213459015,5.2,0.9428055555555556,0.104,3.2,348.0,957079198240.0,50.0,132.8155083656311,,,,,,,,,,,,,,,,,,,,,,,,,,,,,,,,,,,,,,,,
64,24,2.4,5,5,11,12,9,11,9,11,9,11,9,11,0,0,0,0,0,0,0,0,0,0,3.1,5.1499999999999995,0.9360555555555555,0.103,4,5.0,0.9176944444444445,0.1,2.2,482,345664075654,50,153.43516302108765,548.1131420135498,167.1382167339325,5.2,0.9471388888888889,0.104,3.0,481.0,952039434492.0,50.0,131.34338784217834,5.2,0.9365833333333331,0.104,3.0,489.0,569900414597.0,50.0,130.95686841011047,5.2,0.9428055555555556,0.104,4.2,488.0,957079198240.0,50.0,132.37772274017334,,,,,,,,,,,,,,,,,,,,,,,,,,,,,,,,,,,,,,,,
65,24,2.4,5,5,12,14,9,12,10,12,10,13,0,0,0,0,0,0,0,0,0,0,0,0,4.1499999999999995,5.65,0.9411400462962962,0.11299999999999999,4,5.4,0.9130092592592592,0.108,4.0,242,345664075654,50,140.7606508731842,461.02031326293945,0.0017991065979003906,6.0,0.9410416666666666,0.12,4.2,241.0,952039434492.0,50.0,112.44804978370667,5.8,0.9436689814814815,0.116,5.2,249.0,569900414597.0,50.0,112.34278011322021,5.4,0.9668402777777778,0.108,3.2,248.0,957079198240.0,50.0,95.46883249282837,,,,,,,,,,,,,,,,,,,,,,,,,,,,,,,,,,,,,,,,
66,24,2.4,5,5,11,12,10,12,9,11,10,12,9,10,0,0,0,0,0,0,0,0,0,0,2.3,4.55,0.9431458333333331,0.091,4,4.4,0.9138055555555553,0.088,2.0,492,345664075654,50,154.74211311340332,515.8000454902649,154.82232117652893,4.6,0.9567777777777777,0.092,2.6,491.0,952039434492.0,50.0,120.66053581237793,4.6,0.9437499999999996,0.092,3.0,499.0,569900414597.0,50.0,123.551274061203,4.6,0.9582499999999999,0.092,1.6,498.0,957079198240.0,50.0,116.84612250328064,,,,,,,,,,,,,,,,,,,,,,,,,,,,,,,,,,,,,,,,
67,24,2.4,5,5,12,14,9,11,9,11,10,13,0,0,0,0,0,0,0,0,0,0,0,0,3.9000000000000004,4.95,0.9321354166666667,0.099,4,4.8,0.9109606481481481,0.096,3.0,502,345664075654,50,148.4594795703888,524.6672439575195,148.486013174057,5.2,0.9443634259259258,0.104,3.4,501.0,952039434492.0,50.0,119.58683967590332,5.0,0.9272106481481481,0.1,4.8,509.0,569900414597.0,50.0,135.1896948814392,4.8,0.9460069444444444,0.096,4.4,508.0,957079198240.0,50.0,121.43122982978821,,,,,,,,,,,,,,,,,,,,,,,,,,,,,,,,,,,,,,,,
68,24,2.4,5,5,9,11,9,12,10,12,10,13,0,0,0,0,0,0,0,0,0,0,0,0,3.8499999999999996,5.6000000000000005,0.9374623842592593,0.112,4,5.4,0.9130092592592592,0.108,3.2,512,345664075654,50,151.28469586372375,520.4495694637299,151.3675878047943,5.8,0.9263310185185184,0.116,2.8,511.0,952039434492.0,50.0,139.7318754196167,5.8,0.9436689814814815,0.116,4.8,519.0,569900414597.0,50.0,124.9034206867218,5.4,0.9668402777777778,0.108,4.6,518.0,957079198240.0,50.0,104.5295774936676,,,,,,,,,,,,,,,,,,,,,,,,,,,,,,,,,,,,,,,,
69,24,2.4,5,5,12,14,9,11,9,11,9,11,0,0,0,0,0,0,0,0,0,0,0,0,2.75,4.4,0.925546875,0.088,4,4.2,0.8910069444444444,0.084,2.8,522,345664075654,50,162.5853545665741,523.0654764175415,162.61591935157776,4.6,0.9349999999999998,0.092,2.0,521.0,952039434492.0,50.0,120.55357837677002,4.6,0.9380555555555554,0.092,3.2,529.0,569900414597.0,50.0,118.48626637458801,4.2,0.938125,0.084,3.0,528.0,957079198240.0,50.0,121.44027709960938,,,,,,,,,,,,,,,,,,,,,,,,,,,,,,,,,,,,,,,,
70,24,2.4,5,5,12,14,9,12,10,12,10,13,0,0,0,0,0,0,0,0,0,0,0,0,4.1499999999999995,5.65,0.9411400462962962,0.11299999999999999,4,5.4,0.9130092592592592,0.108,4.0,242,345664075654,50,140.7606508731842,461.02031326293945,0.0017781257629394531,6.0,0.9410416666666666,0.12,4.2,241.0,952039434492.0,50.0,112.44804978370667,5.8,0.9436689814814815,0.116,5.2,249.0,569900414597.0,50.0,112.34278011322021,5.4,0.9668402777777778,0.108,3.2,248.0,957079198240.0,50.0,95.46883249282837,,,,,,,,,,,,,,,,,,,,,,,,,,,,,,,,,,,,,,,,
71,26,2.6,5,5,10,12,9,12,10,13,12,14,10,12,10,13,0,0,0,0,0,0,0,0,6.5,8.9,0.957644675925926,0.178,4,9.0,0.9732253086419753,0.18,6.4,532,345664075654,50,116.58201456069946,541.5322704315186,181.9288923740387,8.6,0.9587345679012346,0.172,6.8,531.0,952039434492.0,50.0,134.80172657966614,9.2,0.9663966049382716,0.184,8.0,539.0,569900414597.0,50.0,130.3488256931305,8.8,0.9322222222222222,0.176,4.8,538.0,957079198240.0,50.0,159.79970359802246,,,,,,,,,,,,,,,,,,,,,,,,,,,,,,,,,,,,,,,,
72,24,2.4,5,6,10,12,9,11,9,12,9,11,10,11,0,0,0,0,0,0,0,0,0,0,3.3200000000000003,5.64,0.952462962962963,0.11280000000000001,5,5.6,0.9225648148148148,0.112,1.6,542,345664075654,50,149.25042462348938,617.006010055542,188.0169415473938,5.6,0.9393518518518519,0.112,2.6,541.0,952039434492.0,50.0,141.0096037387848,5.8,0.9589722222222221,0.116,4.8,549.0,569900414597.0,50.0,115.80160760879517,5.6,0.9758425925925925,0.112,4.2,548.0,957079198240.0,50.0,104.59846520423889,5.6,0.9655833333333332,0.112,3.4,543.0,460462409076.0,50.0,106.34590888023376,,,,,,,,,,,,,,,,,,,,,,,,,,,,,,,,
73,26,2.6,5,6,10,12,10,11,10,11,12,14,11,13,9,12,0,0,0,0,0,0,0,0,4.2,6.36,0.9437376543209876,0.1272,5,6.2,0.9227006172839505,0.124,4.2,552,345664075654,50,162.26917004585266,708.0420243740082,169.95594954490662,6.4,0.9542438271604937,0.128,4.2,551.0,952039434492.0,50.0,124.40201711654663,6.8,0.977986111111111,0.136,5.6,559.0,569900414597.0,50.0,106.59423017501831,6.2,0.9276774691358024,0.124,2.8,558.0,957079198240.0,50.0,162.16431307792664,6.2,0.9360802469135802,0.124,4.2,553.0,460462409076.0,50.0,152.61229395866394,,,,,,,,,,,,,,,,,,,,,,,,,,,,,,,,
74,24,2.4,5,6,11,13,9,11,9,11,10,12,0,0,0,0,0,0,0,0,0,0,0,0,2.72,4.44,0.9245416666666666,0.08880000000000002,5,4.2,0.8910069444444444,0.084,2.4,562,345664075654,50,159.00879955291748,656.345465183258,159.0413520336151,4.6,0.9349999999999998,0.092,2.0,561.0,952039434492.0,50.0,123.18654561042786,4.6,0.9380555555555554,0.092,4.4,569.0,569900414597.0,50.0,118.09025311470032,4.2,0.938125,0.084,1.8,568.0,957079198240.0,50.0,122.53444457054138,4.6,0.9205208333333332,0.092,3.0,563.0,460462409076.0,50.0,133.52542233467102,,,,,,,,,,,,,,,,,,,,,,,,,,,,,,,,
75,24,2.4,5,6,10,12,9,11,9,11,9,11,0,0,0,0,0,0,0,0,0,0,0,0,2.8,4.44,0.9245416666666666,0.08880000000000002,5,4.2,0.8910069444444444,0.084,2.2,572,345664075654,50,161.14448857307434,663.5509524345398,161.22727751731873,4.6,0.9349999999999998,0.092,3.2,571.0,952039434492.0,50.0,123.48914456367493,4.6,0.9380555555555554,0.092,2.8,579.0,569900414597.0,50.0,119.83587718009949,4.2,0.938125,0.084,3.0,578.0,957079198240.0,50.0,123.73851776123047,4.6,0.9205208333333332,0.092,2.8,573.0,460462409076.0,50.0,135.34292435646057,,,,,,,,,,,,,,,,,,,,,,,,,,,,,,,,
76,24,2.4,5,6,10,12,9,10,10,12,10,13,0,0,0,0,0,0,0,0,0,0,0,0,2.8,4.4799999999999995,0.9447407407407408,0.08959999999999999,5,4.2,0.9317476851851851,0.084,2.0,582,345664075654,50,136.45665192604065,592.7826428413391,136.48856687545776,4.8,0.9689930555555554,0.096,4.0,581.0,952039434492.0,50.0,96.5614504814148,4.4,0.9433333333333331,0.088,3.2,589.0,569900414597.0,50.0,118.1037757396698,4.4,0.9569560185185185,0.088,2.4,588.0,957079198240.0,50.0,113.51924777030945,4.6,0.922673611111111,0.092,2.4,583.0,460462409076.0,50.0,128.14151692390442,,,,,,,,,,,,,,,,,,,,,,,,,,,,,,,,
77,24,2.4,5,6,11,12,11,13,9,12,9,11,9,11,0,0,0,0,0,0,0,0,0,0,3.56,5.640000000000001,0.9423907407407406,0.11280000000000001,5,5.4,0.9154814814814815,0.108,3.0,592,345664075654,50,158.17614126205444,668.8376896381378,160.26185083389282,5.6,0.9472962962962963,0.112,3.0,591.0,952039434492.0,50.0,136.5610430240631,5.8,0.9439259259259257,0.116,4.2,599.0,569900414597.0,50.0,124.87714076042175,5.8,0.953111111111111,0.116,3.4,598.0,957079198240.0,50.0,122.43872952461243,5.6,0.9521388888888888,0.112,4.2,593.0,460462409076.0,50.0,126.78463506698608,,,,,,,,,,,,,,,,,,,,,,,,,,,,,,,,
78,22,2.2,5,6,11,12,10,12,9,11,9,11,9,11,0,0,0,0,0,0,0,0,0,0,3.0400000000000005,4.84,0.9309666666666665,0.0968,5,5.0,0.9445277777777777,0.1,2.4,602,345664075654,50,129.80331301689148,695.4350843429565,185.18259692192078,4.4,0.9046111111111111,0.088,4.0,601.0,952039434492.0,50.0,163.147940158844,5.0,0.9375833333333331,0.1,4.2,609.0,569900414597.0,50.0,134.12977576255798,5.0,0.9209444444444443,0.1,2.4,608.0,957079198240.0,50.0,141.77103543281555,4.8,0.9471666666666664,0.096,2.2,603.0,460462409076.0,50.0,126.58301997184753,,,,,,,,,,,,,,,,,,,,,,,,,,,,,,,,
79,24,2.4,5,6,11,12,10,12,9,11,10,12,9,10,0,0,0,0,0,0,0,0,0,0,2.32,4.5200000000000005,0.9465333333333332,0.0904,5,4.4,0.9138055555555553,0.088,2.0,492,345664075654,50,154.74211311340332,625.6344673633575,0.0020830631256103516,4.6,0.9567777777777777,0.092,2.6,491.0,952039434492.0,50.0,120.66053581237793,4.6,0.9437499999999996,0.092,3.0,499.0,569900414597.0,50.0,123.551274061203,4.6,0.9582499999999999,0.092,1.6,498.0,957079198240.0,50.0,116.84612250328064,4.4,0.9600833333333332,0.088,2.4,493.0,460462409076.0,50.0,109.83442187309265,,,,,,,,,,,,,,,,,,,,,,,,,,,,,,,,
80,24,2.4,5,6,12,14,9,11,9,11,9,11,0,0,0,0,0,0,0,0,0,0,0,0,2.6799999999999997,4.44,0.9245416666666666,0.08880000000000002,5,4.2,0.8910069444444444,0.084,2.8,522,345664075654,50,162.5853545665741,656.5663189888,0.0016129016876220703,4.6,0.9349999999999998,0.092,2.0,521.0,952039434492.0,50.0,120.55357837677002,4.6,0.9380555555555554,0.092,3.2,529.0,569900414597.0,50.0,118.48626637458801,4.2,0.938125,0.084,3.0,528.0,957079198240.0,50.0,121.44027709960938,4.6,0.9205208333333332,0.092,2.4,523.0,460462409076.0,50.0,133.50084257125854,,,,,,,,,,,,,,,,,,,,,,,,,,,,,,,,
81,24,2.4,5,6,12,14,9,11,9,11,9,11,0,0,0,0,0,0,0,0,0,0,0,0,2.6799999999999997,4.44,0.9245416666666666,0.08880000000000002,5,4.2,0.8910069444444444,0.084,2.8,522,345664075654,50,162.5853545665741,656.5663189888,0.0016050338745117188,4.6,0.9349999999999998,0.092,2.0,521.0,952039434492.0,50.0,120.55357837677002,4.6,0.9380555555555554,0.092,3.2,529.0,569900414597.0,50.0,118.48626637458801,4.2,0.938125,0.084,3.0,528.0,957079198240.0,50.0,121.44027709960938,4.6,0.9205208333333332,0.092,2.4,523.0,460462409076.0,50.0,133.50084257125854,,,,,,,,,,,,,,,,,,,,,,,,,,,,,,,,
82,23,2.3,5,6,11,12,10,12,9,11,9,11,9,11,0,0,0,0,0,0,0,0,0,0,3.04,4.88,0.9301722222222221,0.09759999999999999,5,5.0,0.9264166666666667,0.1,3.4,442,345664075654,50,148.60656905174255,713.65882396698,0.0016002655029296875,4.4,0.9034166666666665,0.088,2.6,441.0,952039434492.0,50.0,162.1907434463501,5.0,0.921111111111111,0.1,2.2,449.0,569900414597.0,50.0,150.018896818161,5.2,0.9619722222222219,0.104,3.2,448.0,957079198240.0,50.0,114.9160544872284,4.8,0.9379444444444444,0.096,3.8,443.0,460462409076.0,50.0,137.92656016349792,,,,,,,,,,,,,,,,,,,,,,,,,,,,,,,,
83,23,2.3,5,6,11,12,10,12,9,11,9,11,9,11,0,0,0,0,0,0,0,0,0,0,3.04,4.88,0.9301722222222221,0.09759999999999999,5,5.0,0.9264166666666667,0.1,3.4,442,345664075654,50,148.60656905174255,713.65882396698,0.0015895366668701172,4.4,0.9034166666666665,0.088,2.6,441.0,952039434492.0,50.0,162.1907434463501,5.0,0.921111111111111,0.1,2.2,449.0,569900414597.0,50.0,150.018896818161,5.2,0.9619722222222219,0.104,3.2,448.0,957079198240.0,50.0,114.9160544872284,4.8,0.9379444444444444,0.096,3.8,443.0,460462409076.0,50.0,137.92656016349792,,,,,,,,,,,,,,,,,,,,,,,,,,,,,,,,
84,24,2.4,5,7,10,12,9,11,9,11,9,11,0,0,0,0,0,0,0,0,0,0,0,0,3.1666666666666665,4.3999999999999995,0.9248553240740741,0.08800000000000001,6,4.2,0.8910069444444444,0.084,2.2,572,345664075654,50,161.14448857307434,794.8012654781342,0.0005917549133300781,4.6,0.9349999999999998,0.092,3.2,571.0,952039434492.0,50.0,123.48914456367493,4.6,0.9380555555555554,0.092,2.8,579.0,569900414597.0,50.0,119.83587718009949,4.2,0.938125,0.084,3.0,578.0,957079198240.0,50.0,123.73851776123047,4.6,0.9205208333333332,0.092,2.8,573.0,460462409076.0,50.0,135.34292435646057,4.2,0.9264236111111109,0.084,5.0,575.0,980196645568.0,50.0,131.25031304359436,,,,,,,,,,,,,,,,,,,,,,,,
85,22,2.2,5,7,12,14,9,11,9,11,9,11,0,0,0,0,0,0,0,0,0,0,0,0,2.6,4.366666666666667,0.9302662037037036,0.08733333333333333,6,4.0,0.8833680555555555,0.08,2.0,612,345664075654,50,165.30530452728271,752.4960186481476,165.3492341041565,4.6,0.9544444444444442,0.092,2.6,611.0,952039434492.0,50.0,103.37472367286682,4.4,0.917986111111111,0.088,3.4,619.0,569900414597.0,50.0,137.58458995819092,4.2,0.9419444444444445,0.084,2.6,618.0,957079198240.0,50.0,115.10859441757202,4.4,0.9303124999999999,0.088,2.6,613.0,460462409076.0,50.0,125.67723774909973,4.6,0.9535416666666665,0.092,2.4,615.0,980196645568.0,50.0,105.44556832313538,,,,,,,,,,,,,,,,,,,,,,,,
86,24,2.4,5,7,11,12,10,12,9,11,10,12,9,10,0,0,0,0,0,0,0,0,0,0,2.1999999999999997,4.5,0.946009259259259,0.08999999999999998,6,4.4,0.9138055555555553,0.088,2.0,492,345664075654,50,154.74211311340332,760.8827896118164,0.0011668205261230469,4.6,0.9567777777777777,0.092,2.6,491.0,952039434492.0,50.0,120.66053581237793,4.6,0.9437499999999996,0.092,3.0,499.0,569900414597.0,50.0,123.551274061203,4.6,0.9582499999999999,0.092,1.6,498.0,957079198240.0,50.0,116.84612250328064,4.4,0.9600833333333332,0.088,2.4,493.0,460462409076.0,50.0,109.83442187309265,4.4,0.9433888888888887,0.088,1.6,495.0,980196645568.0,50.0,135.24832224845886,,,,,,,,,,,,,,,,,,,,,,,,
87,24,2.4,5,7,11,12,10,12,9,11,10,12,9,10,0,0,0,0,0,0,0,0,0,0,2.1999999999999997,4.5,0.946009259259259,0.08999999999999998,6,4.4,0.9138055555555553,0.088,2.0,492,345664075654,50,154.74211311340332,760.8827896118164,0.0009624958038330078,4.6,0.9567777777777777,0.092,2.6,491.0,952039434492.0,50.0,120.66053581237793,4.6,0.9437499999999996,0.092,3.0,499.0,569900414597.0,50.0,123.551274061203,4.6,0.9582499999999999,0.092,1.6,498.0,957079198240.0,50.0,116.84612250328064,4.4,0.9600833333333332,0.088,2.4,493.0,460462409076.0,50.0,109.83442187309265,4.4,0.9433888888888887,0.088,1.6,495.0,980196645568.0,50.0,135.24832224845886,,,,,,,,,,,,,,,,,,,,,,,,
88,24,2.4,5,7,12,14,9,11,9,11,9,11,0,0,0,0,0,0,0,0,0,0,0,0,2.933333333333333,4.3999999999999995,0.9248553240740741,0.08800000000000001,6,4.2,0.8910069444444444,0.084,2.8,522,345664075654,50,162.5853545665741,785.6153681278229,0.0009417533874511719,4.6,0.9349999999999998,0.092,2.0,521.0,952039434492.0,50.0,120.55357837677002,4.6,0.9380555555555554,0.092,3.2,529.0,569900414597.0,50.0,118.48626637458801,4.2,0.938125,0.084,3.0,528.0,957079198240.0,50.0,121.44027709960938,4.6,0.9205208333333332,0.092,2.4,523.0,460462409076.0,50.0,133.50084257125854,4.2,0.9264236111111109,0.084,4.2,525.0,980196645568.0,50.0,129.04904913902283,,,,,,,,,,,,,,,,,,,,,,,,
89,24,2.4,5,7,11,12,10,12,9,11,10,12,9,10,0,0,0,0,0,0,0,0,0,0,2.1999999999999997,4.5,0.946009259259259,0.08999999999999998,6,4.4,0.9138055555555553,0.088,2.0,492,345664075654,50,154.74211311340332,760.8827896118164,0.0009491443634033203,4.6,0.9567777777777777,0.092,2.6,491.0,952039434492.0,50.0,120.66053581237793,4.6,0.9437499999999996,0.092,3.0,499.0,569900414597.0,50.0,123.551274061203,4.6,0.9582499999999999,0.092,1.6,498.0,957079198240.0,50.0,116.84612250328064,4.4,0.9600833333333332,0.088,2.4,493.0,460462409076.0,50.0,109.83442187309265,4.4,0.9433888888888887,0.088,1.6,495.0,980196645568.0,50.0,135.24832224845886,,,,,,,,,,,,,,,,,,,,,,,,
90,24,2.4,5,7,12,14,9,11,9,11,9,11,0,0,0,0,0,0,0,0,0,0,0,0,2.933333333333333,4.3999999999999995,0.9248553240740741,0.08800000000000001,6,4.2,0.8910069444444444,0.084,2.8,522,345664075654,50,162.5853545665741,785.6153681278229,0.0009331703186035156,4.6,0.9349999999999998,0.092,2.0,521.0,952039434492.0,50.0,120.55357837677002,4.6,0.9380555555555554,0.092,3.2,529.0,569900414597.0,50.0,118.48626637458801,4.2,0.938125,0.084,3.0,528.0,957079198240.0,50.0,121.44027709960938,4.6,0.9205208333333332,0.092,2.4,523.0,460462409076.0,50.0,133.50084257125854,4.2,0.9264236111111109,0.084,4.2,525.0,980196645568.0,50.0,129.04904913902283,,,,,,,,,,,,,,,,,,,,,,,,
91,24,2.4,5,7,11,12,10,12,9,11,10,12,9,10,0,0,0,0,0,0,0,0,0,0,2.1999999999999997,4.5,0.946009259259259,0.08999999999999998,6,4.4,0.9138055555555553,0.088,2.0,492,345664075654,50,154.74211311340332,760.8827896118164,0.0009450912475585938,4.6,0.9567777777777777,0.092,2.6,491.0,952039434492.0,50.0,120.66053581237793,4.6,0.9437499999999996,0.092,3.0,499.0,569900414597.0,50.0,123.551274061203,4.6,0.9582499999999999,0.092,1.6,498.0,957079198240.0,50.0,116.84612250328064,4.4,0.9600833333333332,0.088,2.4,493.0,460462409076.0,50.0,109.83442187309265,4.4,0.9433888888888887,0.088,1.6,495.0,980196645568.0,50.0,135.24832224845886,,,,,,,,,,,,,,,,,,,,,,,,
92,24,2.4,5,7,11,12,10,12,9,11,9,11,9,11,0,0,0,0,0,0,0,0,0,0,3.2000000000000006,5.133333333333333,0.9437592592592591,0.10266666666666667,6,5.0,0.9176944444444445,0.1,2.8,342,345664075654,50,151.95795011520386,776.9977052211761,0.0009484291076660156,5.2,0.9471388888888889,0.104,2.6,341.0,952039434492.0,50.0,131.79100513458252,5.2,0.9365833333333331,0.104,2.8,349.0,569900414597.0,50.0,129.4397213459015,5.2,0.9428055555555556,0.104,3.2,348.0,957079198240.0,50.0,132.8155083656311,5.0,0.9541666666666666,0.1,4.4,343.0,460462409076.0,50.0,119.98911237716675,5.2,0.9641666666666666,0.104,3.4,345.0,980196645568.0,50.0,111.00440788269043,,,,,,,,,,,,,,,,,,,,,,,,
93,24,2.4,5,7,11,12,10,12,9,11,10,12,9,10,0,0,0,0,0,0,0,0,0,0,2.1999999999999997,4.5,0.946009259259259,0.08999999999999998,6,4.4,0.9138055555555553,0.088,2.0,492,345664075654,50,154.74211311340332,760.8827896118164,0.0009438991546630859,4.6,0.9567777777777777,0.092,2.6,491.0,952039434492.0,50.0,120.66053581237793,4.6,0.9437499999999996,0.092,3.0,499.0,569900414597.0,50.0,123.551274061203,4.6,0.9582499999999999,0.092,1.6,498.0,957079198240.0,50.0,116.84612250328064,4.4,0.9600833333333332,0.088,2.4,493.0,460462409076.0,50.0,109.83442187309265,4.4,0.9433888888888887,0.088,1.6,495.0,980196645568.0,50.0,135.24832224845886,,,,,,,,,,,,,,,,,,,,,,,,
94,24,2.4,5,7,12,14,9,11,9,11,9,11,0,0,0,0,0,0,0,0,0,0,0,0,2.933333333333333,4.3999999999999995,0.9248553240740741,0.08800000000000001,6,4.2,0.8910069444444444,0.084,2.8,522,345664075654,50,162.5853545665741,785.6153681278229,0.0009396076202392578,4.6,0.9349999999999998,0.092,2.0,521.0,952039434492.0,50.0,120.55357837677002,4.6,0.9380555555555554,0.092,3.2,529.0,569900414597.0,50.0,118.48626637458801,4.2,0.938125,0.084,3.0,528.0,957079198240.0,50.0,121.44027709960938,4.6,0.9205208333333332,0.092,2.4,523.0,460462409076.0,50.0,133.50084257125854,4.2,0.9264236111111109,0.084,4.2,525.0,980196645568.0,50.0,129.04904913902283,,,,,,,,,,,,,,,,,,,,,,,,
95,24,2.4,5,7,11,12,12,14,9,12,10,12,10,13,0,0,0,0,0,0,0,0,0,0,3.6,6.3999999999999995,0.9552685185185186,0.128,6,6.4,0.9493796296296295,0.128,3.0,622,345664075654,50,118.70266246795654,680.0821084976196,142.93564534187317,6.2,0.9466574074074074,0.124,4.2,621.0,952039434492.0,50.0,129.2436363697052,6.4,0.945,0.128,3.6,629.0,569900414597.0,50.0,117.14766764640808,6.6,0.970824074074074,0.132,3.6,628.0,957079198240.0,50.0,95.17601704597473,6.2,0.9519074074074074,0.124,3.2,623.0,460462409076.0,50.0,119.6604335308075,6.6,0.9678425925925925,0.132,4.0,625.0,980196645568.0,50.0,100.15169143676758,,,,,,,,,,,,,,,,,,,,,,,,
96,24,2.4,5,8,11,12,10,12,9,11,10,12,9,10,0,0,0,0,0,0,0,0,0,0,2.2285714285714286,4.542857142857144,0.9510555555555554,0.09085714285714284,7,4.4,0.9138055555555553,0.088,2.0,492,345664075654,50,154.74211311340332,852.5271060466766,0.002014636993408203,4.6,0.9567777777777777,0.092,2.6,491.0,952039434492.0,50.0,120.66053581237793,4.6,0.9437499999999996,0.092,3.0,499.0,569900414597.0,50.0,123.551274061203,4.6,0.9582499999999999,0.092,1.6,498.0,957079198240.0,50.0,116.84612250328064,4.4,0.9600833333333332,0.088,2.4,493.0,460462409076.0,50.0,109.83442187309265,4.4,0.9433888888888887,0.088,1.6,495.0,980196645568.0,50.0,135.24832224845886,4.8,0.9813333333333333,0.096,2.4,497.0,495929458268.0,50.0,91.64431643486023,,,,,,,,,,,,,,,,
97,24,2.4,5,8,11,12,10,12,9,11,10,12,9,10,0,0,0,0,0,0,0,0,0,0,2.2285714285714286,4.542857142857144,0.9510555555555554,0.09085714285714284,7,4.4,0.9138055555555553,0.088,2.0,492,345664075654,50,154.74211311340332,852.5271060466766,0.0015802383422851562,4.6,0.9567777777777777,0.092,2.6,491.0,952039434492.0,50.0,120.66053581237793,4.6,0.9437499999999996,0.092,3.0,499.0,569900414597.0,50.0,123.551274061203,4.6,0.9582499999999999,0.092,1.6,498.0,957079198240.0,50.0,116.84612250328064,4.4,0.9600833333333332,0.088,2.4,493.0,460462409076.0,50.0,109.83442187309265,4.4,0.9433888888888887,0.088,1.6,495.0,980196645568.0,50.0,135.24832224845886,4.8,0.9813333333333333,0.096,2.4,497.0,495929458268.0,50.0,91.64431643486023,,,,,,,,,,,,,,,,
98,16,1.6,5,8,10,12,9,11,9,11,9,11,0,0,0,0,0,0,0,0,0,0,0,0,1.9714285714285715,3.885714285714286,0.9247668650793648,0.07771428571428572,7,3.8,0.9691666666666666,0.076,1.8,632,345664075654,50,96.92235827445984,936.4613902568817,163.9626145362854,3.8,0.8923263888888888,0.076,2.0,631.0,952039434492.0,50.0,163.92805194854736,4.0,0.9396180555555554,0.08,1.8,639.0,569900414597.0,50.0,121.85779762268066,3.6,0.9396874999999999,0.072,2.2,638.0,957079198240.0,50.0,126.90989327430725,4.0,0.9180902777777777,0.08,2.8,633.0,460462409076.0,50.0,136.15373492240906,4.0,0.9154166666666665,0.08,1.6,635.0,980196645568.0,50.0,138.32379364967346,4.0,0.8990624999999998,0.08,1.6,637.0,495929458268.0,50.0,152.36576056480408,,,,,,,,,,,,,,,,
99,21,2.1,5,8,11,12,11,13,9,11,9,11,9,11,0,0,0,0,0,0,0,0,0,0,2.628571428571429,4.628571428571428,0.89540873015873,0.09257142857142855,7,4.6,0.8820555555555556,0.092,2.4,642,345664075654,50,199.10497975349426,1215.6662549972534,253.58899092674255,4.4,0.9106388888888887,0.088,2.4,641.0,952039434492.0,50.0,159.1361768245697,5.0,0.948111111111111,0.1,4.2,649.0,569900414597.0,50.0,123.42257046699524,5.0,0.9313055555555554,0.1,1.4,648.0,957079198240.0,50.0,129.941344499588,4.4,0.8926111111111108,0.088,2.6,643.0,460462409076.0,50.0,174.52841782569885,4.4,0.8157777777777777,0.088,2.0,645.0,980196645568.0,50.0,253.4920735359192,4.6,0.887361111111111,0.092,3.4,647.0,495929458268.0,50.0,176.04069209098816,,,,,,,,,,,,,,,,
100,24,2.4,5,8,10,12,9,11,10,12,9,11,0,0,0,0,0,0,0,0,0,0,0,0,3.085714285714286,4.457142857142857,0.9327083333333333,0.08914285714285715,7,4.2,0.8910069444444444,0.084,2.8,652,345664075654,50,160.9172718524933,871.7991499900818,160.9727280139923,4.6,0.9349999999999998,0.092,2.4,651.0,952039434492.0,50.0,120.6147198677063,4.6,0.9380555555555554,0.092,4.8,659.0,569900414597.0,50.0,119.92192482948303,4.2,0.938125,0.084,2.6,658.0,957079198240.0,50.0,122.45353984832764,4.6,0.9205208333333332,0.092,2.6,653.0,460462409076.0,50.0,134.29179573059082,4.2,0.9264236111111109,0.084,3.4,655.0,980196645568.0,50.0,130.44976162910461,4.8,0.9798263888888887,0.096,3.0,657.0,495929458268.0,50.0,83.1501362323761,,,,,,,,,,,,,,,,
101,22,2.2,5,8,11,12,12,14,9,11,9,11,0,0,0,0,0,0,0,0,0,0,0,0,2.342857142857143,3.714285714285715,0.9253670634920633,0.07428571428571429,7,3.6,0.9077777777777776,0.072,2.6,662,345664075654,50,141.43117952346802,837.6235108375549,160.9423472881317,3.6,0.9077083333333333,0.072,1.4,661.0,952039434492.0,50.0,133.29868626594543,4.0,0.9291319444444444,0.08,2.8,669.0,569900414597.0,50.0,121.90734529495239,3.6,0.9265277777777776,0.072,1.8,668.0,957079198240.0,50.0,121.35655951499939,3.6,0.924409722222222,0.072,2.6,663.0,460462409076.0,50.0,120.79329371452332,3.8,0.9615277777777776,0.076,3.4,665.0,980196645568.0,50.0,86.5628571510315,3.8,0.9204861111111109,0.076,1.8,667.0,495929458268.0,50.0,112.27358937263489,,,,,,,,,,,,,,,,
102,21,2.1,5,8,11,12,10,12,9,11,10,12,9,10,0,0,0,0,0,0,0,0,0,0,2.7714285714285714,4.057142857142857,0.9069007936507935,0.08114285714285716,7,4.2,0.9441111111111109,0.084,2.4,672,345664075654,50,138.73373985290527,1114.8102304935455,188.21446442604065,3.8,0.8925555555555553,0.076,3.8,671.0,952039434492.0,50.0,172.17102336883545,4.0,0.8814166666666665,0.08,2.8,679.0,569900414597.0,50.0,188.11814546585083,4.2,0.9391666666666664,0.084,2.4,678.0,957079198240.0,50.0,118.28095293045044,4.2,0.9318055555555553,0.084,3.2,673.0,460462409076.0,50.0,134.30776572227478,3.8,0.8834166666666665,0.076,2.2,675.0,980196645568.0,50.0,180.20670437812805,4.2,0.8758333333333331,0.084,2.6,677.0,495929458268.0,50.0,182.9918987751007,,,,,,,,,,,,,,,,
103,24,2.4,5,8,12,14,9,11,9,11,9,11,0,0,0,0,0,0,0,0,0,0,0,0,2.9428571428571426,4.457142857142857,0.9327083333333333,0.08914285714285715,7,4.2,0.8910069444444444,0.084,2.8,522,345664075654,50,162.5853545665741,867.5796508789062,0.0020515918731689453,4.6,0.9349999999999998,0.092,2.0,521.0,952039434492.0,50.0,120.55357837677002,4.6,0.9380555555555554,0.092,3.2,529.0,569900414597.0,50.0,118.48626637458801,4.2,0.938125,0.084,3.0,528.0,957079198240.0,50.0,121.44027709960938,4.6,0.9205208333333332,0.092,2.4,523.0,460462409076.0,50.0,133.50084257125854,4.2,0.9264236111111109,0.084,4.2,525.0,980196645568.0,50.0,129.04904913902283,4.8,0.9798263888888887,0.096,3.0,527.0,495929458268.0,50.0,81.96428275108337,,,,,,,,,,,,,,,,
104,16,1.6,5,8,11,12,10,12,9,11,9,11,9,11,0,0,0,0,0,0,0,0,0,0,2.5428571428571423,4.257142857142857,0.9275436507936508,0.08514285714285715,7,4.4,0.9375277777777777,0.088,2.8,472,345664075654,50,120.13524961471558,1013.9945230484009,0.0015769004821777344,4.0,0.9428055555555555,0.08,2.8,471.0,952039434492.0,50.0,123.82022309303284,4.4,0.943611111111111,0.088,4.4,479.0,569900414597.0,50.0,132.730051279068,4.2,0.9227222222222222,0.084,2.0,478.0,957079198240.0,50.0,157.22326231002808,4.2,0.9109722222222221,0.084,0.8,473.0,460462409076.0,50.0,163.83785891532898,4.4,0.9361388888888887,0.088,2.4,475.0,980196645568.0,50.0,138.32859253883362,4.2,0.8990277777777778,0.084,2.6,477.0,495929458268.0,50.0,177.9192852973938,,,,,,,,,,,,,,,,
105,24,2.4,5,8,11,12,10,12,9,11,9,11,0,0,0,0,0,0,0,0,0,0,0,0,2.314285714285714,3.8000000000000003,0.9120684523809521,0.076,7,3.6,0.8685416666666665,0.072,1.8,682,345664075654,50,171.70342564582825,937.1283185482025,171.78694796562195,3.8,0.932673611111111,0.076,1.6,681.0,952039434492.0,50.0,123.73341488838196,4.0,0.9221180555555554,0.08,3.2,689.0,569900414597.0,50.0,129.36812353134155,3.8,0.9049652777777778,0.076,1.8,688.0,957079198240.0,50.0,137.40555238723755,3.6,0.8838888888888888,0.072,2.6,683.0,460462409076.0,50.0,154.70288848876953,3.8,0.9438888888888888,0.076,3.0,685.0,980196645568.0,50.0,95.86910271644592,4.0,0.9284027777777777,0.08,2.2,687.0,495929458268.0,50.0,124.34581089019775,,,,,,,,,,,,,,,,
106,15,1.5,5,8,11,12,10,12,9,11,10,12,9,11,0,0,0,0,0,0,0,0,0,0,1.885714285714286,4.2,0.9462301587301585,0.08399999999999999,7,4.2,0.9371388888888885,0.084,1.6,692,345664075654,50,127.61920714378357,891.5120322704315,148.18800258636475,4.0,0.946611111111111,0.08,2.6,691.0,952039434492.0,50.0,122.71994948387146,4.4,0.9786666666666666,0.088,2.0,699.0,569900414597.0,50.0,95.95083522796631,4.2,0.9574999999999998,0.084,1.4,698.0,957079198240.0,50.0,125.60351657867432,4.2,0.9461388888888889,0.084,2.4,693.0,460462409076.0,50.0,131.3929464817047,4.2,0.9241666666666664,0.084,1.8,695.0,980196645568.0,50.0,144.46064710617065,4.2,0.9333888888888888,0.084,1.4,697.0,495929458268.0,50.0,143.7649302482605,,,,,,,,,,,,,,,,
107,24,2.4,5,8,11,12,10,12,9,11,9,11,0,0,0,0,0,0,0,0,0,0,0,0,2.314285714285714,3.8000000000000003,0.9120684523809521,0.076,7,3.6,0.8685416666666665,0.072,1.8,682,345664075654,50,171.70342564582825,937.1283185482025,0.002047300338745117,3.8,0.932673611111111,0.076,1.6,681.0,952039434492.0,50.0,123.73341488838196,4.0,0.9221180555555554,0.08,3.2,689.0,569900414597.0,50.0,129.36812353134155,3.8,0.9049652777777778,0.076,1.8,688.0,957079198240.0,50.0,137.40555238723755,3.6,0.8838888888888888,0.072,2.6,683.0,460462409076.0,50.0,154.70288848876953,3.8,0.9438888888888888,0.076,3.0,685.0,980196645568.0,50.0,95.86910271644592,4.0,0.9284027777777777,0.08,2.2,687.0,495929458268.0,50.0,124.34581089019775,,,,,,,,,,,,,,,,
108,21,2.1,5,9,11,12,10,12,9,11,10,12,9,10,0,0,0,0,0,0,0,0,0,0,2.7,4.074999999999999,0.9041249999999998,0.0815,8,4.2,0.9441111111111109,0.084,2.4,672,345664075654,50,138.73373985290527,1295.8473131656647,0.00165557861328125,3.8,0.8925555555555553,0.076,3.8,671.0,952039434492.0,50.0,172.17102336883545,4.0,0.8814166666666665,0.08,2.8,679.0,569900414597.0,50.0,188.11814546585083,4.2,0.9391666666666664,0.084,2.4,678.0,957079198240.0,50.0,118.28095293045044,4.2,0.9318055555555553,0.084,3.2,673.0,460462409076.0,50.0,134.30776572227478,3.8,0.8834166666666665,0.076,2.2,675.0,980196645568.0,50.0,180.20670437812805,4.2,0.8758333333333331,0.084,2.6,677.0,495929458268.0,50.0,182.9918987751007,4.2,0.8846944444444442,0.084,2.2,674.0,732505190116.0,50.0,181.03708267211914,,,,,,,,
109,21,2.1,5,9,11,12,10,12,9,11,10,12,9,10,0,0,0,0,0,0,0,0,0,0,2.7,4.074999999999999,0.9041249999999998,0.0815,8,4.2,0.9441111111111109,0.084,2.4,672,345664075654,50,138.73373985290527,1295.8473131656647,0.0015749931335449219,3.8,0.8925555555555553,0.076,3.8,671.0,952039434492.0,50.0,172.17102336883545,4.0,0.8814166666666665,0.08,2.8,679.0,569900414597.0,50.0,188.11814546585083,4.2,0.9391666666666664,0.084,2.4,678.0,957079198240.0,50.0,118.28095293045044,4.2,0.9318055555555553,0.084,3.2,673.0,460462409076.0,50.0,134.30776572227478,3.8,0.8834166666666665,0.076,2.2,675.0,980196645568.0,50.0,180.20670437812805,4.2,0.8758333333333331,0.084,2.6,677.0,495929458268.0,50.0,182.9918987751007,4.2,0.8846944444444442,0.084,2.2,674.0,732505190116.0,50.0,181.03708267211914,,,,,,,,
110,14,1.4,5,9,11,12,12,14,9,11,9,11,0,0,0,0,0,0,0,0,0,0,0,0,1.775,3.1500000000000004,0.9504644097222221,0.063,8,3.0,0.9495138888888887,0.06,2.0,702,345664075654,50,103.50278902053833,794.5985217094421,113.3179132938385,3.2,0.9593402777777778,0.064,2.8,701.0,952039434492.0,50.0,96.16938400268555,3.4,0.9249999999999999,0.068,1.6,709.0,569900414597.0,50.0,112.68137168884277,2.6,0.9512152777777777,0.052,1.2,708.0,957079198240.0,50.0,98.86709809303284,3.2,0.9628125,0.064,1.4,703.0,460462409076.0,50.0,87.05196237564087,3.4,0.9672222222222221,0.068,1.2,705.0,980196645568.0,50.0,86.99593257904053,3.2,0.954722222222222,0.064,1.8,707.0,495929458268.0,50.0,96.10327434539795,3.2,0.9338888888888888,0.064,2.2,704.0,732505190116.0,50.0,113.2267096042633,,,,,,,,
111,22,2.2,5,9,11,12,10,12,9,11,9,11,9,11,0,0,0,0,0,0,0,0,0,0,2.975,4.875,0.9338541666666664,0.0975,8,5.0,0.9445277777777777,0.1,2.4,602,345664075654,50,129.80331301689148,1075.6286363601685,0.0020482540130615234,4.4,0.9046111111111111,0.088,4.0,601.0,952039434492.0,50.0,163.147940158844,5.0,0.9375833333333331,0.1,4.2,609.0,569900414597.0,50.0,134.12977576255798,5.0,0.9209444444444443,0.1,2.4,608.0,957079198240.0,50.0,141.77103543281555,4.8,0.9471666666666664,0.096,2.2,603.0,460462409076.0,50.0,126.58301997184753,5.2,0.9529722222222221,0.104,2.6,605.0,980196645568.0,50.0,108.52625370025635,4.8,0.9336388888888887,0.096,2.8,607.0,495929458268.0,50.0,128.0385024547577,4.8,0.9293888888888888,0.096,3.2,604.0,732505190116.0,50.0,143.62879586219788,,,,,,,,
112,20,2.0,5,9,10,12,9,11,10,12,9,10,0,0,0,0,0,0,0,0,0,0,0,0,2.575,3.625,0.933259548611111,0.07250000000000001,8,3.4,0.8820138888888888,0.068,2.4,712,345664075654,50,158.88340950012207,997.8762748241425,159.0808093547821,3.8,0.9030902777777778,0.076,2.8,711.0,952039434492.0,50.0,152.7613983154297,3.8,0.9414236111111111,0.076,3.2,719.0,569900414597.0,50.0,118.57489109039307,3.4,0.9481597222222221,0.068,2.0,718.0,957079198240.0,50.0,106.72237491607666,3.6,0.9882291666666665,0.072,2.6,713.0,460462409076.0,50.0,84.36404633522034,3.8,0.9407291666666666,0.076,3.4,715.0,980196645568.0,50.0,120.28220200538635,3.6,0.932361111111111,0.072,1.8,717.0,495929458268.0,50.0,126.4745876789093,3.6,0.9300694444444442,0.072,2.4,714.0,732505190116.0,50.0,129.81336498260498,,,,,,,,
113,16,1.6,5,9,11,12,10,12,9,11,9,11,9,11,0,0,0,0,0,0,0,0,0,0,2.55,4.2250000000000005,0.9272743055555555,0.08449999999999999,8,4.4,0.9375277777777777,0.088,2.8,472,345664075654,50,120.13524961471558,1163.7869083881378,0.001825094223022461,4.0,0.9428055555555555,0.08,2.8,471.0,952039434492.0,50.0,123.82022309303284,4.4,0.943611111111111,0.088,4.4,479.0,569900414597.0,50.0,132.730051279068,4.2,0.9227222222222222,0.084,2.0,478.0,957079198240.0,50.0,157.22326231002808,4.2,0.9109722222222221,0.084,0.8,473.0,460462409076.0,50.0,163.83785891532898,4.4,0.9361388888888887,0.088,2.4,475.0,980196645568.0,50.0,138.32859253883362,4.2,0.8990277777777778,0.084,2.6,477.0,495929458268.0,50.0,177.9192852973938,4.0,0.9253888888888888,0.08,2.6,474.0,732505190116.0,50.0,149.79238533973694,,,,,,,,
114,16,1.6,5,9,11,12,10,12,9,11,9,11,9,11,0,0,0,0,0,0,0,0,0,0,2.55,4.2250000000000005,0.9272743055555555,0.08449999999999999,8,4.4,0.9375277777777777,0.088,2.8,472,345664075654,50,120.13524961471558,1163.7869083881378,0.0015552043914794922,4.0,0.9428055555555555,0.08,2.8,471.0,952039434492.0,50.0,123.82022309303284,4.4,0.943611111111111,0.088,4.4,479.0,569900414597.0,50.0,132.730051279068,4.2,0.9227222222222222,0.084,2.0,478.0,957079198240.0,50.0,157.22326231002808,4.2,0.9109722222222221,0.084,0.8,473.0,460462409076.0,50.0,163.83785891532898,4.4,0.9361388888888887,0.088,2.4,475.0,980196645568.0,50.0,138.32859253883362,4.2,0.8990277777777778,0.084,2.6,477.0,495929458268.0,50.0,177.9192852973938,4.0,0.9253888888888888,0.08,2.6,474.0,732505190116.0,50.0,149.79238533973694,,,,,,,,
115,20,2.0,5,9,10,12,9,11,9,11,9,11,0,0,0,0,0,0,0,0,0,0,0,0,2.475,4.175000000000001,0.9156727430555555,0.08349999999999999,8,4.0,0.9300347222222222,0.08,3.2,722,345664075654,50,128.64669609069824,1128.5290472507477,169.40232849121094,4.4,0.9254861111111111,0.088,2.0,721.0,952039434492.0,50.0,131.32721638679504,4.2,0.9044791666666665,0.084,2.2,729.0,569900414597.0,50.0,151.084086894989,4.0,0.9540624999999998,0.08,2.4,728.0,957079198240.0,50.0,109.56864929199219,4.2,0.9257291666666666,0.084,3.0,723.0,460462409076.0,50.0,130.8527045249939,4.2,0.8891319444444443,0.084,2.2,725.0,980196645568.0,50.0,162.00794529914856,4.2,0.8831249999999999,0.084,2.6,727.0,495929458268.0,50.0,169.19030165672302,4.2,0.9133333333333331,0.084,2.2,724.0,732505190116.0,50.0,145.85144710540771,,,,,,,,
116,24,2.4,5,9,12,14,9,12,10,12,10,13,0,0,0,0,0,0,0,0,0,0,0,0,4.175000000000001,5.675,0.9496672453703703,0.11349999999999999,8,5.4,0.9130092592592592,0.108,4.0,242,345664075654,50,140.7606508731842,876.2504343986511,0.001863241195678711,6.0,0.9410416666666666,0.12,4.2,241.0,952039434492.0,50.0,112.44804978370667,5.8,0.9436689814814815,0.116,5.2,249.0,569900414597.0,50.0,112.34278011322021,5.4,0.9668402777777778,0.108,3.2,248.0,957079198240.0,50.0,95.46883249282837,5.6,0.9351157407407407,0.112,3.6,243.0,460462409076.0,50.0,128.4812352657318,5.4,0.9550462962962962,0.108,5.8,245.0,980196645568.0,50.0,104.26515507698059,5.8,0.9644791666666666,0.116,2.6,247.0,495929458268.0,50.0,98.0030620098114,6.0,0.9781365740740742,0.12,4.8,244.0,732505190116.0,50.0,84.48066878318787,,,,,,,,
117,15,1.5,5,9,11,12,10,12,9,11,10,12,9,11,0,0,0,0,0,0,0,0,0,0,1.9749999999999999,4.2,0.9445104166666665,0.08399999999999999,8,4.2,0.9371388888888885,0.084,1.6,692,345664075654,50,127.61920714378357,1034.3628468513489,0.0015943050384521484,4.0,0.946611111111111,0.08,2.6,691.0,952039434492.0,50.0,122.71994948387146,4.4,0.9786666666666666,0.088,2.0,699.0,569900414597.0,50.0,95.95083522796631,4.2,0.9574999999999998,0.084,1.4,698.0,957079198240.0,50.0,125.60351657867432,4.2,0.9461388888888889,0.084,2.4,693.0,460462409076.0,50.0,131.3929464817047,4.2,0.9241666666666664,0.084,1.8,695.0,980196645568.0,50.0,144.46064710617065,4.2,0.9333888888888888,0.084,1.4,697.0,495929458268.0,50.0,143.7649302482605,4.2,0.932472222222222,0.084,2.6,694.0,732505190116.0,50.0,142.85081458091736,,,,,,,,
118,22,2.2,5,9,11,12,12,14,9,11,9,11,9,11,0,0,0,0,0,0,0,0,0,0,2.7249999999999996,4.875,0.9338541666666664,0.0975,8,5.0,0.9445277777777777,0.1,2.0,732,345664075654,50,129.2950954437256,1066.7893784046173,179.01000547409058,4.4,0.9046111111111111,0.088,4.2,731.0,952039434492.0,50.0,163.99397444725037,5.0,0.9375833333333331,0.1,4.4,739.0,569900414597.0,50.0,132.860821723938,5.0,0.9209444444444443,0.1,1.8,738.0,957079198240.0,50.0,138.9359700679779,4.8,0.9471666666666664,0.096,2.6,733.0,460462409076.0,50.0,125.90685749053955,5.2,0.9529722222222221,0.104,2.4,735.0,980196645568.0,50.0,106.85625338554382,4.8,0.9336388888888887,0.096,2.8,737.0,495929458268.0,50.0,126.06917142868042,4.8,0.9293888888888888,0.096,1.6,734.0,732505190116.0,50.0,142.87123441696167,,,,,,,,
119,15,1.5,5,9,11,12,9,11,9,11,10,12,0,0,0,0,0,0,0,0,0,0,0,0,1.9250000000000003,3.25,0.9327517361111111,0.065,8,3.0,0.9293749999999998,0.06,1.2,742,345664075654,50,117.60639095306396,952.3802571296692,140.2120442390442,3.2,0.9203819444444443,0.064,2.2,741.0,952039434492.0,50.0,127.47965621948242,3.6,0.9412499999999999,0.072,0.6,749.0,569900414597.0,50.0,113.32827734947205,3.4,0.9621527777777776,0.068,1.4,748.0,957079198240.0,50.0,101.11331129074097,3.0,0.9270833333333331,0.06,2.2,743.0,460462409076.0,50.0,130.38046789169312,3.4,0.9404513888888888,0.068,1.6,745.0,980196645568.0,50.0,105.53949785232544,3.4,0.940347222222222,0.068,2.6,747.0,495929458268.0,50.0,116.76531767845154,3.0,0.9009722222222221,0.06,3.6,744.0,732505190116.0,50.0,140.1673378944397,,,,,,,,
120,21,2.1,5,10,10,12,9,11,9,11,9,10,0,0,0,0,0,0,0,0,0,0,0,0,2.3333333333333335,3.711111111111111,0.9370987654320986,0.07422222222222223,9,3.6,0.9006597222222221,0.072,1.2,752,345664075654,50,153.0209412574768,1108.5999999046326,153.1106128692627,4.0,0.9498263888888887,0.08,2.0,751.0,952039434492.0,50.0,114.42422008514404,3.8,0.9342708333333333,0.076,3.0,759.0,569900414597.0,50.0,125.02977252006531,3.6,0.9564236111111108,0.072,2.0,758.0,957079198240.0,50.0,110.55426716804504,3.8,0.9722569444444443,0.076,2.6,753.0,460462409076.0,50.0,98.40806484222412,4.0,0.9677777777777776,0.08,2.8,755.0,980196645568.0,50.0,94.7961413860321,3.6,0.9089930555555554,0.072,2.8,757.0,495929458268.0,50.0,143.88168931007385,3.6,0.9065624999999999,0.072,2.4,754.0,732505190116.0,50.0,146.17488598823547,3.4,0.9371180555555555,0.068,2.2,750.0,986762518570.0,50.0,122.31001734733582
121,15,1.5,5,10,11,12,10,12,9,11,9,11,9,11,0,0,0,0,0,0,0,0,0,0,2.2,4.155555555555555,0.9457993827160492,0.08311111111111111,9,4.2,0.9371388888888885,0.084,2.4,762,345664075654,50,128.940669298172,1173.0164456367493,147.95520782470703,4.0,0.946611111111111,0.08,2.8,761.0,952039434492.0,50.0,124.5485246181488,4.4,0.9786666666666666,0.088,2.2,769.0,569900414597.0,50.0,97.47251605987549,4.2,0.9574999999999998,0.084,2.0,768.0,957079198240.0,50.0,126.25129628181458,4.2,0.9461388888888889,0.084,2.2,763.0,460462409076.0,50.0,131.02729272842407,4.2,0.9241666666666664,0.084,2.6,765.0,980196645568.0,50.0,147.9011206626892,4.2,0.9333888888888888,0.084,2.0,767.0,495929458268.0,50.0,147.45134830474854,4.2,0.932472222222222,0.084,2.2,764.0,732505190116.0,50.0,144.6745250225067,3.8,0.956111111111111,0.076,1.4,760.0,986762518570.0,50.0,124.74915266036987
122,21,2.1,5,10,11,12,12,14,9,11,9,11,0,0,0,0,0,0,0,0,0,0,0,0,2.422222222222222,3.644444444444444,0.9339197530864196,0.07288888888888889,9,3.4,0.8762152777777776,0.068,2.4,772,345664075654,50,152.69198560714722,1025.3506932258606,152.79497170448303,3.6,0.9213194444444442,0.072,1.8,771.0,952039434492.0,50.0,122.16340160369873,4.0,0.9402083333333333,0.08,3.4,779.0,569900414597.0,50.0,110.2972481250763,3.6,0.9506944444444443,0.072,3.2,778.0,957079198240.0,50.0,102.44091558456421,3.6,0.947534722222222,0.072,2.4,773.0,460462409076.0,50.0,108.05546808242798,3.6,0.9173263888888887,0.072,2.0,775.0,980196645568.0,50.0,131.0343255996704,3.8,0.9349999999999998,0.076,1.8,777.0,495929458268.0,50.0,102.59548997879028,3.6,0.9689930555555554,0.072,1.6,774.0,732505190116.0,50.0,92.00253510475159,3.6,0.947986111111111,0.072,3.2,770.0,986762518570.0,50.0,104.06932353973389
123,24,2.4,5,10,11,12,10,12,9,11,9,11,0,0,0,0,0,0,0,0,0,0,0,0,2.3777777777777778,3.7777777777777777,0.9143402777777777,0.07555555555555554,9,3.6,0.8685416666666665,0.072,1.8,682,345664075654,50,171.70342564582825,1194.9597074985504,0.001969575881958008,3.8,0.932673611111111,0.076,1.6,681.0,952039434492.0,50.0,123.73341488838196,4.0,0.9221180555555554,0.08,3.2,689.0,569900414597.0,50.0,129.36812353134155,3.8,0.9049652777777778,0.076,1.8,688.0,957079198240.0,50.0,137.40555238723755,3.6,0.8838888888888888,0.072,2.6,683.0,460462409076.0,50.0,154.70288848876953,3.8,0.9438888888888888,0.076,3.0,685.0,980196645568.0,50.0,95.86910271644592,4.0,0.9284027777777777,0.08,2.2,687.0,495929458268.0,50.0,124.34581089019775,3.8,0.927673611111111,0.076,3.6,684.0,732505190116.0,50.0,120.60037660598755,3.6,0.9169097222222221,0.072,1.6,680.0,986762518570.0,50.0,137.23101234436035
124,22,2.2,5,10,11,12,12,14,9,11,9,11,0,0,0,0,0,0,0,0,0,0,0,0,2.2888888888888888,3.711111111111111,0.9303086419753084,0.07422222222222222,9,3.6,0.9077777777777776,0.072,2.6,662,345664075654,50,141.43117952346802,1042.607328414917,0.0015268325805664062,3.6,0.9077083333333333,0.072,1.4,661.0,952039434492.0,50.0,133.29868626594543,4.0,0.9291319444444444,0.08,2.8,669.0,569900414597.0,50.0,121.90734529495239,3.6,0.9265277777777776,0.072,1.8,668.0,957079198240.0,50.0,121.35655951499939,3.6,0.924409722222222,0.072,2.6,663.0,460462409076.0,50.0,120.79329371452332,3.8,0.9615277777777776,0.076,3.4,665.0,980196645568.0,50.0,86.5628571510315,3.8,0.9204861111111109,0.076,1.8,667.0,495929458268.0,50.0,112.27358937263489,3.8,0.970347222222222,0.076,2.8,664.0,732505190116.0,50.0,82.28437232971191,3.6,0.9248611111111109,0.072,1.4,660.0,986762518570.0,50.0,122.69944524765015
125,15,1.5,5,10,11,12,10,12,9,11,10,12,9,11,0,0,0,0,0,0,0,0,0,0,2.066666666666667,4.155555555555555,0.9457993827160492,0.08311111111111111,9,4.2,0.9371388888888885,0.084,1.6,692,345664075654,50,127.61920714378357,1159.1499135494232,0.0014767646789550781,4.0,0.946611111111111,0.08,2.6,691.0,952039434492.0,50.0,122.71994948387146,4.4,0.9786666666666666,0.088,2.0,699.0,569900414597.0,50.0,95.95083522796631,4.2,0.9574999999999998,0.084,1.4,698.0,957079198240.0,50.0,125.60351657867432,4.2,0.9461388888888889,0.084,2.4,693.0,460462409076.0,50.0,131.3929464817047,4.2,0.9241666666666664,0.084,1.8,695.0,980196645568.0,50.0,144.46064710617065,4.2,0.9333888888888888,0.084,1.4,697.0,495929458268.0,50.0,143.7649302482605,4.2,0.932472222222222,0.084,2.6,694.0,732505190116.0,50.0,142.85081458091736,3.8,0.956111111111111,0.076,2.8,690.0,986762518570.0,50.0,124.78706669807434
126,22,2.2,5,10,11,12,12,14,9,11,9,11,0,0,0,0,0,0,0,0,0,0,0,0,2.2888888888888888,3.711111111111111,0.9303086419753084,0.07422222222222222,9,3.6,0.9077777777777776,0.072,2.6,662,345664075654,50,141.43117952346802,1042.607328414917,0.0014259815216064453,3.6,0.9077083333333333,0.072,1.4,661.0,952039434492.0,50.0,133.29868626594543,4.0,0.9291319444444444,0.08,2.8,669.0,569900414597.0,50.0,121.90734529495239,3.6,0.9265277777777776,0.072,1.8,668.0,957079198240.0,50.0,121.35655951499939,3.6,0.924409722222222,0.072,2.6,663.0,460462409076.0,50.0,120.79329371452332,3.8,0.9615277777777776,0.076,3.4,665.0,980196645568.0,50.0,86.5628571510315,3.8,0.9204861111111109,0.076,1.8,667.0,495929458268.0,50.0,112.27358937263489,3.8,0.970347222222222,0.076,2.8,664.0,732505190116.0,50.0,82.28437232971191,3.6,0.9248611111111109,0.072,1.4,660.0,986762518570.0,50.0,122.69944524765015
127,22,2.2,5,10,11,12,12,14,9,11,9,11,0,0,0,0,0,0,0,0,0,0,0,0,2.2888888888888888,3.711111111111111,0.9303086419753084,0.07422222222222222,9,3.6,0.9077777777777776,0.072,2.6,662,345664075654,50,141.43117952346802,1042.607328414917,0.0014412403106689453,3.6,0.9077083333333333,0.072,1.4,661.0,952039434492.0,50.0,133.29868626594543,4.0,0.9291319444444444,0.08,2.8,669.0,569900414597.0,50.0,121.90734529495239,3.6,0.9265277777777776,0.072,1.8,668.0,957079198240.0,50.0,121.35655951499939,3.6,0.924409722222222,0.072,2.6,663.0,460462409076.0,50.0,120.79329371452332,3.8,0.9615277777777776,0.076,3.4,665.0,980196645568.0,50.0,86.5628571510315,3.8,0.9204861111111109,0.076,1.8,667.0,495929458268.0,50.0,112.27358937263489,3.8,0.970347222222222,0.076,2.8,664.0,732505190116.0,50.0,82.28437232971191,3.6,0.9248611111111109,0.072,1.4,660.0,986762518570.0,50.0,122.69944524765015
128,21,2.1,5,10,11,12,10,12,9,11,10,12,9,10,0,0,0,0,0,0,0,0,0,0,2.8,4.066666666666666,0.9080216049382714,0.08133333333333333,9,4.2,0.9441111111111109,0.084,2.4,672,345664075654,50,138.73373985290527,1436.1657500267029,0.0014338493347167969,3.8,0.8925555555555553,0.076,3.8,671.0,952039434492.0,50.0,172.17102336883545,4.0,0.8814166666666665,0.08,2.8,679.0,569900414597.0,50.0,188.11814546585083,4.2,0.9391666666666664,0.084,2.4,678.0,957079198240.0,50.0,118.28095293045044,4.2,0.9318055555555553,0.084,3.2,673.0,460462409076.0,50.0,134.30776572227478,3.8,0.8834166666666665,0.076,2.2,675.0,980196645568.0,50.0,180.20670437812805,4.2,0.8758333333333331,0.084,2.6,677.0,495929458268.0,50.0,182.9918987751007,4.2,0.8846944444444442,0.084,2.2,674.0,732505190116.0,50.0,181.03708267211914,4.0,0.9391944444444442,0.08,3.6,670.0,986762518570.0,50.0,140.3184368610382
129,20,2.0,5,10,11,12,12,14,9,11,9,11,0,0,0,0,0,0,0,0,0,0,0,0,2.2,3.577777777777778,0.9388695987654319,0.07155555555555555,9,3.4,0.9001041666666665,0.068,2.4,782,345664075654,50,135.71236395835876,1012.3131966590881,154.37540769577026,3.6,0.9464583333333332,0.072,1.8,781.0,952039434492.0,50.0,106.59257936477661,4.0,0.9543055555555553,0.08,3.2,789.0,569900414597.0,50.0,102.07529711723328,3.6,0.9773958333333332,0.072,2.4,788.0,957079198240.0,50.0,82.62123799324036,3.4,0.9521527777777776,0.068,2.0,783.0,460462409076.0,50.0,104.95131421089172,3.4,0.8907638888888888,0.068,2.2,785.0,980196645568.0,50.0,154.3184380531311,3.6,0.9018055555555555,0.072,1.4,787.0,495929458268.0,50.0,137.387442111969,3.6,0.9688888888888888,0.072,1.4,784.0,732505190116.0,50.0,92.08747982978821,3.6,0.9579513888888889,0.072,3.0,780.0,986762518570.0,50.0,96.5670440196991
130,15,1.5,5,10,11,12,10,12,9,11,10,12,9,11,0,0,0,0,0,0,0,0,0,0,2.066666666666667,4.155555555555555,0.9457993827160492,0.08311111111111111,9,4.2,0.9371388888888885,0.084,1.6,692,345664075654,50,127.61920714378357,1159.1499135494232,0.004761934280395508,4.0,0.946611111111111,0.08,2.6,691.0,952039434492.0,50.0,122.71994948387146,4.4,0.9786666666666666,0.088,2.0,699.0,569900414597.0,50.0,95.95083522796631,4.2,0.9574999999999998,0.084,1.4,698.0,957079198240.0,50.0,125.60351657867432,4.2,0.9461388888888889,0.084,2.4,693.0,460462409076.0,50.0,131.3929464817047,4.2,0.9241666666666664,0.084,1.8,695.0,980196645568.0,50.0,144.46064710617065,4.2,0.9333888888888888,0.084,1.4,697.0,495929458268.0,50.0,143.7649302482605,4.2,0.932472222222222,0.084,2.6,694.0,732505190116.0,50.0,142.85081458091736,3.8,0.956111111111111,0.076,2.8,690.0,986762518570.0,50.0,124.78706669807434
131,24,2.4,5,10,11,12,10,12,9,11,9,11,0,0,0,0,0,0,0,0,0,0,0,0,2.3777777777777778,3.7777777777777777,0.9143402777777777,0.07555555555555554,9,3.6,0.8685416666666665,0.072,1.8,682,345664075654,50,171.70342564582825,1194.9597074985504,0.0027828216552734375,3.8,0.932673611111111,0.076,1.6,681.0,952039434492.0,50.0,123.73341488838196,4.0,0.9221180555555554,0.08,3.2,689.0,569900414597.0,50.0,129.36812353134155,3.8,0.9049652777777778,0.076,1.8,688.0,957079198240.0,50.0,137.40555238723755,3.6,0.8838888888888888,0.072,2.6,683.0,460462409076.0,50.0,154.70288848876953,3.8,0.9438888888888888,0.076,3.0,685.0,980196645568.0,50.0,95.86910271644592,4.0,0.9284027777777777,0.08,2.2,687.0,495929458268.0,50.0,124.34581089019775,3.8,0.927673611111111,0.076,3.6,684.0,732505190116.0,50.0,120.60037660598755,3.6,0.9169097222222221,0.072,1.6,680.0,986762518570.0,50.0,137.23101234436035
