,robot_speed,robot_speed_kmh,simulation_duration,generation,robot_0_start,robot_0_end,robot_1_start,robot_1_end,robot_2_start,robot_2_end,robot_3_start,robot_3_end,robot_4_start,robot_4_end,robot_5_start,robot_5_end,robot_6_start,robot_6_end,robot_7_start,robot_7_end,robot_8_start,robot_8_end,robot_9_start,robot_9_end,num_risks,num_delivered,utilization_rate,delivery_rate,simulations,num_delivered_0,utilization_rate_0,delivery_rate_0,num_risks_0,unique_id_0,seed_0,requests_per_hour_0,execution_time_0,num_delivered_1,utilization_rate_1,delivery_rate_1,num_risks_1,unique_id_1,seed_1,requests_per_hour_1,execution_time_1,num_delivered_2,utilization_rate_2,delivery_rate_2,num_risks_2,unique_id_2,seed_2,requests_per_hour_2,execution_time_2,num_delivered_3,utilization_rate_3,delivery_rate_3,num_risks_3,unique_id_3,seed_3,requests_per_hour_3,execution_time_3,num_delivered_4,utilization_rate_4,delivery_rate_4,num_risks_4,unique_id_4,seed_4,requests_per_hour_4,execution_time_4,sequential_execution_time,execution_time
0,125,12.5,12,0,14,21,14,21,14,21,14,19,15,20,13,17,12,21,11,20,12,14,18,21,17.75,23.183333333333334,0.9774873633156966,0.23183333333333334,5,23.166666666666668,0.9814440917107582,0.23166666666666666,17.416666666666668,0,761656375044,100,745.1334023475647,23.333333333333332,0.982638205467372,0.23333333333333334,19.0,1,397939685529,100,727.8708190917969,23.25,0.9818893738977073,0.2325,16.833333333333332,2,946348113438,100,811.5717804431915,23.166666666666668,0.9737016754850089,0.23166666666666666,17.833333333333332,3,434173966266,100,867.9799189567566,23.0,0.9677634700176366,0.23,17.666666666666668,4,389950724030,100,1074.488784790039,4227.044705629349,1074.8139879703522
1,85,8.5,12,0,16,19,19,21,17,19,18,21,12,14,10,21,10,13,10,21,9,15,13,20,14.166666666666666,18.383333333333333,0.9719142255892257,0.18383333333333335,5,18.416666666666668,0.9745897065897065,0.18416666666666667,14.25,5,761656375044,100,868.603212594986,18.5,0.975285173160173,0.185,15.416666666666666,6,397939685529,100,874.4927945137024,18.333333333333332,0.9655262145262146,0.18333333333333332,14.5,7,946348113438,100,1110.880824804306,18.5,0.9741497113997115,0.185,12.833333333333334,8,434173966266,100,979.5496683120728,18.166666666666668,0.9700203222703221,0.18166666666666667,13.833333333333334,9,389950724030,100,1083.6791410446167,4917.205641269684,1111.0424962043762
2,107,10.7,12,0,18,21,12,21,11,16,15,21,17,21,18,21,11,21,11,21,14,15,0,0,15.51666666666667,19.716666666666665,0.9699439986282579,0.19716666666666666,5,19.75,0.9736894718792866,0.1975,16.25,10,761656375044,100,736.1078336238861,19.666666666666668,0.97476731824417,0.19666666666666666,15.0,11,397939685529,100,833.0475223064423,19.833333333333332,0.9795922496570645,0.19833333333333333,15.083333333333334,12,946348113438,100,773.273184299469,19.583333333333332,0.9620785322359396,0.19583333333333333,14.0,13,434173966266,100,922.1439950466156,19.75,0.9595924211248283,0.1975,17.25,14,389950724030,100,925.8051071166992,4190.377642393112,926.1422352790833
3,70,7.0,12,0,9,11,18,21,9,12,11,17,18,21,11,19,17,21,17,19,10,16,14,17,10.7,14.05,0.975461574074074,0.1405,5,14.0,0.9706747685185183,0.14,10.75,15,761656375044,100,1041.014591217041,14.166666666666666,0.9818229166666665,0.14166666666666666,10.5,16,397939685529,100,865.6674666404724,14.0,0.977872685185185,0.14,9.75,17,946348113438,100,961.9595029354095,14.083333333333334,0.9723923611111109,0.14083333333333334,10.833333333333334,18,434173966266,100,1007.5155251026154,14.0,0.9745451388888888,0.14,11.666666666666666,19,389950724030,100,994.5584378242493,4870.715523719788,1041.0191473960876
4,49,4.9,12,0,16,21,11,19,10,11,10,17,13,15,19,21,11,12,17,18,12,15,0,0,7.016666666666666,9.3,0.9547680041152262,0.093,5,9.416666666666666,0.9454956275720162,0.09416666666666666,8.0,20,761656375044,100,1019.2353489398956,9.166666666666666,0.9579988242210461,0.09166666666666666,6.75,21,397939685529,100,981.7040555477142,9.166666666666666,0.9491151161081715,0.09166666666666666,6.583333333333333,22,946348113438,100,1076.844039440155,9.5,0.9773911302175189,0.095,7.333333333333333,23,434173966266,100,789.3259053230286,9.25,0.9438393224573779,0.0925,6.416666666666667,24,389950724030,100,1159.2311518192291,5026.340501070023,1159.5434494018555
5,89,8.9,12,0,19,21,14,20,14,19,12,21,9,13,10,18,15,21,17,20,16,21,12,15,15.05,19.050000000000004,0.9783948765432097,0.1905,5,18.916666666666668,0.9782734567901235,0.18916666666666668,16.083333333333332,25,761656375044,100,897.1675107479095,19.166666666666668,0.9778185956790123,0.19166666666666668,14.833333333333334,26,397939685529,100,836.2257776260376,19.0,0.977209722222222,0.19,13.083333333333334,27,946348113438,100,886.1142892837524,19.25,0.9842527006172839,0.1925,14.333333333333334,28,434173966266,100,720.4441907405853,18.916666666666668,0.9744199074074074,0.18916666666666668,16.916666666666668,29,389950724030,100,966.6885368824005,4306.640305280685,967.0083539485931
6,22,2.2,12,0,18,21,13,21,12,13,17,19,19,21,19,21,15,21,13,17,11,18,14,17,5.783333333333333,8.616666666666667,0.9579491402116401,0.08616666666666666,5,8.833333333333334,0.9711828703703702,0.08833333333333333,6.333333333333333,30,761656375044,100,986.1751728057861,8.416666666666666,0.9419333664021163,0.08416666666666667,5.0,31,397939685529,100,1364.5862936973572,8.333333333333334,0.9534666005291003,0.08333333333333333,6.75,32,946348113438,100,1235.590901851654,8.666666666666666,0.963037533068783,0.08666666666666667,6.5,33,434173966266,100,1220.0811512470245,8.833333333333334,0.9601253306878303,0.08833333333333333,4.333333333333333,34,389950724030,100,1125.8569753170013,5932.290494918823,1364.7330522537231
7,143,14.3,12,0,12,15,18,21,9,14,18,21,10,18,18,21,17,21,13,21,19,21,16,17,12.499999999999998,16.433333333333334,0.9756956018518517,0.16433333333333333,5,16.416666666666668,0.9743018518518516,0.16416666666666666,13.75,35,761656375044,100,781.8159561157227,16.416666666666668,0.9791715277777776,0.16416666666666666,11.5,36,397939685529,100,634.4212517738342,16.416666666666668,0.9733368055555554,0.16416666666666666,12.166666666666666,37,946348113438,100,641.623028755188,16.5,0.9725023148148149,0.165,12.666666666666666,38,434173966266,100,739.4387052059174,16.416666666666668,0.9791655092592592,0.16416666666666666,12.416666666666666,39,389950724030,100,704.7114825248718,3502.010424375534,781.8219652175903
8,32,3.2,12,0,14,21,16,21,14,21,15,18,12,14,18,21,17,21,15,17,17,21,0,0,7.2,9.766666666666667,0.9696037624926511,0.09766666666666667,5,9.833333333333334,0.979035567313345,0.09833333333333333,8.666666666666666,40,761656375044,100,804.6482181549072,9.583333333333334,0.9506638007054673,0.09583333333333334,7.583333333333333,41,397939685529,100,1184.05024600029,9.583333333333334,0.9816774691358022,0.09583333333333334,6.75,42,946348113438,100,777.7539641857147,10.0,0.9790216784244561,0.1,7.166666666666667,43,434173966266,100,863.6778786182404,9.833333333333334,0.9576202968841856,0.09833333333333333,5.833333333333333,44,389950724030,100,1078.4571402072906,4708.587447166443,1184.240098953247
9,38,3.8,12,0,13,17,13,18,9,20,14,16,15,21,10,20,17,18,16,21,11,12,10,11,10.333333333333332,13.083333333333332,0.9688692171717168,0.13083333333333333,5,13.25,0.9712694865319863,0.1325,9.416666666666666,45,761656375044,100,1046.8701481819153,13.166666666666666,0.9791910774410774,0.13166666666666665,11.916666666666666,46,397939685529,100,857.8531179428101,13.0,0.9614604377104374,0.13,9.0,47,946348113438,100,1010.2029278278351,13.166666666666666,0.977661616161616,0.13166666666666665,9.416666666666666,48,434173966266,100,1056.9962525367737,12.833333333333334,0.9547634680134678,0.12833333333333333,11.916666666666666,49,389950724030,100,1232.816857099533,5204.739303588867,1233.1408054828644
10,47,4.7,12,0,11,12,12,21,12,18,19,21,10,19,9,19,19,21,13,16,9,11,9,10,10.216666666666669,13.883333333333331,0.9621912345679011,0.1388333333333333,5,13.916666666666666,0.9681018518518517,0.13916666666666666,9.333333333333334,50,761656375044,100,1130.124243736267,13.916666666666666,0.9549984567901234,0.13916666666666666,10.5,51,397939685529,100,1103.0540153980255,14.0,0.9697608024691358,0.14,10.583333333333334,52,946348113438,100,937.336724281311,13.916666666666666,0.9604391975308639,0.13916666666666666,10.333333333333334,53,434173966266,100,1189.1671886444092,13.666666666666666,0.9576558641975307,0.13666666666666666,10.333333333333334,54,389950724030,100,1131.6234283447266,5491.305600404739,1189.3272094726562
11,198,19.8,12,0,18,21,9,14,14,21,12,13,10,17,11,16,10,20,10,14,18,21,12,21,17.833333333333332,23.0,0.9662827865961198,0.22999999999999998,5,22.916666666666668,0.962866468253968,0.22916666666666666,19.5,55,761656375044,100,1028.1989533901215,23.083333333333332,0.9690405423280423,0.23083333333333333,16.333333333333332,56,397939685529,100,972.7777788639069,23.0,0.9614795855379187,0.23,16.0,57,946348113438,100,1048.312302350998,23.0,0.9693763888888889,0.23,19.083333333333332,58,434173966266,100,871.8486318588257,23.0,0.9686509479717811,0.23,18.25,59,389950724030,100,946.3908207416534,4867.528487205505,1048.5042326450348
12,22,2.2,12,1,18,21,11,21,12,18,16,21,9,18,9,16,19,21,13,17,9,11,13,14,7.816666666666667,11.066666666666666,0.971879360670194,0.11066666666666666,5,11.166666666666666,0.9790029541446206,0.11166666666666666,8.083333333333334,60,761656375044,100,1029.9455127716064,10.833333333333334,0.9748484126984127,0.10833333333333334,8.083333333333334,61,397939685529,100,1201.827696800232,10.916666666666666,0.9645212522045856,0.10916666666666666,7.666666666666667,62,946348113438,100,1311.4950067996979,11.333333333333334,0.9647147927689593,0.11333333333333333,7.333333333333333,63,434173966266,100,1316.7906293869019,11.083333333333334,0.9763093915343914,0.11083333333333334,7.916666666666667,64,389950724030,100,1054.8985567092896,5914.957402467728,1317.061839580536
13,46,4.6,12,1,10,11,13,21,19,21,19,21,19,21,15,21,13,15,11,17,9,12,0,0,7.1,9.7,0.9663122427983538,0.097,5,9.833333333333334,0.9746836419753085,0.09833333333333333,7.583333333333333,65,761656375044,100,801.9951059818268,9.666666666666666,0.9757806069958848,0.09666666666666666,6.916666666666667,66,397939685529,100,805.3142063617706,9.5,0.9518634259259259,0.095,6.916666666666667,67,946348113438,100,1179.8349719047546,9.833333333333334,0.964466306584362,0.09833333333333333,6.5,68,434173966266,100,1094.7811172008514,9.666666666666666,0.964767232510288,0.09666666666666666,7.583333333333333,69,389950724030,100,1023.7257301807404,4905.651131629944,1180.1932826042175
14,142,14.2,12,1,14,16,16,21,14,19,17,20,12,14,18,21,17,21,15,16,17,21,9,10,9.716666666666667,12.26666666666667,0.9684349074074072,0.12266666666666667,5,12.25,0.973858796296296,0.1225,11.916666666666666,70,761656375044,100,921.5160775184631,12.333333333333334,0.9684472222222219,0.12333333333333334,9.583333333333334,71,397939685529,100,884.7056546211243,12.083333333333334,0.9528912037037033,0.12083333333333333,8.583333333333334,72,946348113438,100,1087.846277475357,12.333333333333334,0.9667796296296295,0.12333333333333334,9.25,73,434173966266,100,963.4164302349091,12.333333333333334,0.9801976851851851,0.12333333333333334,9.25,74,389950724030,100,806.6176474094391,4664.102087259293,1088.001384973526
15,32,3.2,12,1,12,21,17,21,9,17,15,21,9,17,18,21,17,21,13,21,19,21,0,0,10.583333333333334,13.683333333333334,0.9772007030178326,0.1368333333333333,5,13.666666666666666,0.9810721021947875,0.13666666666666666,9.916666666666666,75,761656375044,100,759.3818755149841,13.416666666666666,0.9827344821673526,0.13416666666666666,11.333333333333334,76,397939685529,100,707.3404850959778,13.666666666666666,0.9717228223593966,0.13666666666666666,9.583333333333334,77,946348113438,100,956.3268065452576,14.0,0.9808774862825788,0.14,11.083333333333334,78,434173966266,100,785.9007875919342,13.666666666666666,0.969596622085048,0.13666666666666666,11.0,79,389950724030,100,986.7382919788361,4195.68824672699,986.8784093856812
16,49,4.9,12,1,15,21,11,19,10,11,10,16,12,14,12,21,11,12,12,13,12,15,0,0,8.616666666666667,11.533333333333333,0.9592764060356652,0.11533333333333333,5,11.5,0.9375248628257887,0.115,8.25,80,761656375044,100,1236.3338506221771,11.416666666666666,0.9750295781893001,0.11416666666666667,10.0,81,397939685529,100,840.3333055973053,11.5,0.9578892318244168,0.115,8.083333333333334,82,946348113438,100,1042.9528126716614,11.75,0.9772380829903976,0.1175,6.666666666666667,83,434173966266,100,845.7862403392792,11.5,0.9487002743484224,0.115,10.083333333333334,84,389950724030,100,1074.7410655021667,5040.14727473259,1236.3406643867493
17,124,12.4,12,1,14,21,14,21,14,21,16,21,15,20,13,17,18,21,11,20,16,17,17,20,15.383333333333335,20.35,0.9702392813051146,0.20350000000000001,5,20.25,0.973865828924162,0.2025,14.833333333333334,85,761656375044,100,763.5374822616577,20.416666666666668,0.9716447530864196,0.20416666666666666,16.0,86,397939685529,100,791.6212635040283,20.333333333333332,0.9615791005291005,0.20333333333333334,15.0,87,946348113438,100,796.4459185600281,20.5,0.9653228395061728,0.205,15.166666666666666,88,434173966266,100,747.4463562965393,20.25,0.9787838844797176,0.2025,15.916666666666666,89,389950724030,100,795.3609960079193,3894.4120166301727,796.6411759853363
18,47,4.7,12,1,18,21,12,21,12,18,19,21,16,21,9,13,10,20,10,21,14,16,9,10,11.7,16.383333333333333,0.9691335578002244,0.16383333333333333,5,16.333333333333332,0.9709925505050505,0.16333333333333333,10.666666666666666,90,761656375044,100,1086.8870105743408,16.416666666666668,0.9711342732884398,0.16416666666666666,11.416666666666666,91,397939685529,100,1042.9755640029907,16.333333333333332,0.9665677048260382,0.16333333333333333,11.083333333333334,92,946348113438,100,1205.97274851799,16.416666666666668,0.9677717312008977,0.16416666666666666,13.25,93,434173966266,100,1226.7633156776428,16.416666666666668,0.9692015291806959,0.16416666666666666,12.083333333333334,94,389950724030,100,1054.7914941310883,5617.390132904053,1226.9207389354706
19,107,10.7,12,1,10,11,12,21,11,16,15,21,10,20,18,21,19,21,13,15,13,14,0,0,10.9,15.133333333333335,0.9685596707818929,0.15133333333333332,5,15.083333333333334,0.9686145404663922,0.15083333333333335,11.5,95,761656375044,100,879.0940561294556,15.083333333333334,0.9681786694101508,0.15083333333333335,10.083333333333334,96,397939685529,100,828.7726974487305,15.083333333333334,0.965423525377229,0.15083333333333335,11.5,97,946348113438,100,916.0111393928528,15.25,0.9699471879286692,0.1525,9.666666666666666,98,434173966266,100,837.4357013702393,15.166666666666666,0.970634430727023,0.15166666666666667,11.75,99,389950724030,100,800.435608625412,4261.74920296669,916.2322127819061
20,37,3.7,12,1,12,15,11,15,10,11,10,17,13,15,19,20,17,18,11,12,0,0,0,0,4.0,5.733333333333333,0.9660648148148144,0.05733333333333333,5,5.583333333333333,0.964155919312169,0.05583333333333333,4.0,100,761656375044,100,751.9938549995422,5.666666666666667,0.9855386078042326,0.056666666666666664,3.8333333333333335,101,397939685529,100,652.5612807273865,5.75,0.959968171296296,0.0575,3.75,102,946348113438,100,834.0291032791138,5.916666666666667,0.9571300429894176,0.059166666666666666,4.666666666666667,103,434173966266,100,779.4318432807922,5.75,0.9635313326719572,0.0575,3.75,104,389950724030,100,848.7122690677643,3866.728351354599,848.9196679592133
21,49,4.9,12,1,16,21,13,20,9,20,16,17,15,21,10,20,17,21,15,20,11,12,10,12,11.9,16.233333333333338,0.969532424242424,0.16233333333333333,5,16.166666666666668,0.9670381613756615,0.16166666666666665,12.083333333333334,105,761656375044,100,995.2294430732727,16.25,0.9750505050505047,0.1625,11.5,106,397939685529,100,862.5686664581299,16.166666666666668,0.976033297258297,0.16166666666666665,12.0,107,946348113438,100,1021.1244013309479,16.416666666666668,0.9657367664742663,0.16416666666666666,10.666666666666666,108,434173966266,100,936.1099233627319,16.166666666666668,0.9638033910533907,0.16166666666666665,13.25,109,389950724030,100,1132.5019400119781,4947.534374237061,1132.7931802272797
22,106,10.6,12,1,13,20,12,20,11,15,15,19,17,21,18,21,11,21,11,21,13,14,0,0,16.316666666666666,19.666666666666664,0.9693837669018224,0.19666666666666666,5,19.583333333333332,0.9689351484420927,0.19583333333333333,16.666666666666668,110,761656375044,100,850.7164587974548,19.833333333333332,0.9824965828924161,0.19833333333333333,17.75,111,397939685529,100,686.9231014251709,19.75,0.9798637198706643,0.1975,15.75,112,946348113438,100,776.8262686729431,19.5,0.9574940476190474,0.195,17.333333333333332,113,434173966266,100,999.7610445022583,19.666666666666668,0.9581293356848912,0.19666666666666666,14.083333333333334,114,389950724030,100,990.3913943767548,4304.618267774582,1000.1151144504547
23,125,12.5,12,1,18,21,14,21,14,21,14,21,15,21,13,17,11,21,11,20,12,14,18,20,19.033333333333335,22.883333333333333,0.9781019091710759,0.2288333333333333,5,22.666666666666668,0.9738702160493826,0.22666666666666666,21.166666666666668,115,761656375044,100,938.8943498134613,23.0,0.9789947310405644,0.23,19.0,116,397939685529,100,740.8009197711945,23.083333333333332,0.9901380511463845,0.23083333333333333,19.75,117,946348113438,100,612.2455337047577,22.833333333333332,0.977283377425044,0.22833333333333333,18.333333333333332,118,434173966266,100,895.9833898544312,22.833333333333332,0.9702231701940034,0.22833333333333333,16.916666666666668,119,389950724030,100,911.2525072097778,4099.176700353622,938.9028301239014
24,47,4.7,12,2,15,21,11,21,11,12,14,21,10,16,12,14,19,21,11,12,12,13,9,12,8.466666666666665,12.016666666666667,0.9648117195767194,0.12016666666666667,5,11.916666666666666,0.9558321428571427,0.11916666666666667,8.916666666666666,120,761656375044,100,1349.2690238952637,11.833333333333334,0.9705830687830683,0.11833333333333333,7.5,121,397939685529,100,1358.3287932872772,12.0,0.9750833333333331,0.12,8.666666666666666,122,946348113438,100,1227.3509559631348,12.25,0.9564228835978834,0.1225,8.166666666666666,123,434173966266,100,1376.1881251335144,12.083333333333334,0.9661371693121691,0.12083333333333333,9.083333333333334,124,389950724030,100,1310.659419298172,6621.796317577362,1376.4249351024628
25,48,4.8,12,2,11,12,12,20,10,16,10,19,9,19,11,13,12,15,9,11,12,13,0,0,10.433333333333334,13.01666666666667,0.9695190672153633,0.13016666666666665,5,13.0,0.9554099794238682,0.13,11.583333333333334,125,761656375044,100,1228.1144332885742,12.833333333333334,0.964398148148148,0.12833333333333333,9.416666666666666,126,397939685529,100,1147.296509027481,13.166666666666666,0.9838505658436212,0.13166666666666665,8.916666666666666,127,946348113438,100,966.0889601707458,13.083333333333334,0.9611870713305896,0.13083333333333333,11.666666666666666,128,434173966266,100,1172.7037942409515,13.0,0.9827495713305896,0.13,10.583333333333334,129,389950724030,100,1062.426400899887,5576.63009762764,1228.1204431056976
26,37,3.7,12,2,12,15,11,15,10,11,10,17,13,15,19,20,17,18,11,12,0,0,0,0,4.0,5.733333333333333,0.9660648148148144,0.05733333333333333,5,5.583333333333333,0.964155919312169,0.05583333333333333,4.0,100,761656375044,100,751.9938549995422,5.666666666666667,0.9855386078042326,0.056666666666666664,3.8333333333333335,101,397939685529,100,652.5612807273865,5.75,0.959968171296296,0.0575,3.75,102,946348113438,100,834.0291032791138,5.916666666666667,0.9571300429894176,0.059166666666666666,4.666666666666667,103,434173966266,100,779.4318432807922,5.75,0.9635313326719572,0.0575,3.75,104,389950724030,100,848.7122690677643,3866.728351354599,0.002024412155151367
27,37,3.7,12,2,12,15,11,15,10,11,10,17,13,15,19,20,17,18,11,12,0,0,0,0,4.0,5.733333333333333,0.9660648148148144,0.05733333333333333,5,5.583333333333333,0.964155919312169,0.05583333333333333,4.0,100,761656375044,100,751.9938549995422,5.666666666666667,0.9855386078042326,0.056666666666666664,3.8333333333333335,101,397939685529,100,652.5612807273865,5.75,0.959968171296296,0.0575,3.75,102,946348113438,100,834.0291032791138,5.916666666666667,0.9571300429894176,0.059166666666666666,4.666666666666667,103,434173966266,100,779.4318432807922,5.75,0.9635313326719572,0.0575,3.75,104,389950724030,100,848.7122690677643,3866.728351354599,0.0015778541564941406
28,142,14.2,12,2,9,11,15,21,14,19,17,20,12,14,18,21,17,21,17,21,9,10,0,0,9.933333333333334,12.316666666666668,0.9791724279835389,0.12316666666666667,5,12.25,0.9793240740740742,0.1225,10.583333333333334,130,761656375044,100,844.9008464813232,12.333333333333334,0.9817767489711934,0.12333333333333334,9.416666666666666,131,397939685529,100,742.0718820095062,12.333333333333334,0.9744161522633742,0.12333333333333334,9.416666666666666,132,946348113438,100,811.5412518978119,12.333333333333334,0.9792073045267489,0.12333333333333334,10.25,133,434173966266,100,814.1759312152863,12.333333333333334,0.9811378600823044,0.12333333333333334,10.0,134,389950724030,100,780.8309109210968,3993.5208225250244,844.9084763526917
29,46,4.6,12,2,14,15,13,21,19,21,19,21,19,21,15,21,12,14,10,16,9,12,0,0,7.0,9.75,0.9650825617283949,0.0975,5,9.833333333333334,0.9779809670781892,0.09833333333333333,8.583333333333334,135,761656375044,100,834.7028665542603,9.666666666666666,0.9659439300411522,0.09666666666666666,6.333333333333333,136,397939685529,100,915.1296308040619,9.666666666666666,0.9541242283950617,0.09666666666666666,5.666666666666667,137,946348113438,100,1012.8841123580933,9.833333333333334,0.9600733024691357,0.09833333333333333,7.916666666666667,138,434173966266,100,1068.9734070301056,9.75,0.9672903806584361,0.0975,6.5,139,389950724030,100,937.993935585022,4769.683952331543,1069.1275887489319
30,198,19.8,12,2,18,21,9,14,14,21,12,13,9,16,19,21,15,21,10,14,18,21,9,20,16.5,20.883333333333333,0.9636161688311689,0.20883333333333334,5,20.916666666666668,0.965859096921597,0.20916666666666667,17.0,140,761656375044,100,853.1277287006378,21.0,0.963473611111111,0.21,15.666666666666666,141,397939685529,100,916.024007320404,20.916666666666668,0.9664693302068302,0.20916666666666667,17.0,142,946348113438,100,880.3030161857605,20.75,0.9576389911014911,0.2075,16.083333333333332,143,434173966266,100,1035.7138102054596,20.833333333333332,0.9646398148148145,0.20833333333333334,16.75,144,389950724030,100,982.9893620014191,4668.157924413681,1036.0591082572937
31,46,4.6,12,2,13,21,19,21,19,21,10,20,9,16,13,15,11,17,11,14,0,0,0,0,9.433333333333334,12.2,0.9719946924603173,0.122,5,12.0,0.9689441137566137,0.12,10.25,145,761656375044,100,1518.2992098331451,12.0,0.9605669229497354,0.12,9.583333333333334,146,397939685529,100,2014.364548444748,12.25,0.9775684110449736,0.1225,8.75,147,946348113438,100,1445.1568009853363,12.416666666666666,0.9841965525793648,0.12416666666666666,9.083333333333334,148,434173966266,100,1103.5050892829895,12.333333333333334,0.9686974619708993,0.12333333333333334,9.5,149,389950724030,100,1592.653088092804,7673.978736639023,2014.5180690288544
32,49,4.9,12,2,15,21,11,19,10,11,10,16,12,14,12,21,11,12,11,12,12,15,0,0,8.866666666666665,11.533333333333333,0.9592764060356652,0.11533333333333333,5,11.5,0.9375248628257887,0.115,8.416666666666666,150,761656375044,100,2269.4410650730133,11.416666666666666,0.9750295781893001,0.11416666666666667,8.75,151,397939685529,100,1686.9589354991913,11.5,0.9578892318244168,0.115,9.916666666666666,152,946348113438,100,1962.604041814804,11.75,0.9772380829903976,0.1175,8.916666666666666,153,434173966266,100,1638.3540570735931,11.5,0.9487002743484224,0.115,8.333333333333334,154,389950724030,100,2026.4630901813507,9583.821189641953,2269.4797224998474
33,49,4.9,12,2,16,21,11,19,10,11,10,17,12,14,19,21,11,12,17,18,12,15,0,0,7.133333333333333,9.3,0.9533951572604348,0.093,5,9.166666666666666,0.925970348324515,0.09166666666666666,7.666666666666667,155,761656375044,100,2460.250410079956,9.083333333333334,0.9535822677836564,0.09083333333333334,6.333333333333333,156,397939685529,100,2235.0872271060944,9.416666666666666,0.9610861992945323,0.09416666666666666,7.5,157,946348113438,100,1734.847388267517,9.5,0.9778156599059376,0.095,7.083333333333333,158,434173966266,100,1400.747986793518,9.333333333333334,0.9485213109935331,0.09333333333333334,7.083333333333333,159,389950724030,100,1949.9344248771667,9780.867437124252,2460.2609198093414
34,49,4.9,12,2,16,21,11,19,10,11,10,17,13,15,19,21,11,12,17,18,12,15,0,0,7.016666666666666,9.3,0.9547680041152262,0.093,5,9.416666666666666,0.9454956275720162,0.09416666666666666,8.0,20,761656375044,100,1019.2353489398956,9.166666666666666,0.9579988242210461,0.09166666666666666,6.75,21,397939685529,100,981.7040555477142,9.166666666666666,0.9491151161081715,0.09166666666666666,6.583333333333333,22,946348113438,100,1076.844039440155,9.5,0.9773911302175189,0.095,7.333333333333333,23,434173966266,100,789.3259053230286,9.25,0.9438393224573779,0.0925,6.416666666666667,24,389950724030,100,1159.2311518192291,5026.340501070023,0.0010404586791992188
35,49,4.9,12,2,16,21,11,19,10,11,10,17,13,15,18,21,11,12,17,18,12,15,0,0,7.333333333333333,9.55,0.9523538065843621,0.0955,5,9.666666666666666,0.9442672325102879,0.09666666666666666,8.333333333333334,160,761656375044,100,1295.6788804531097,9.333333333333334,0.9518527336860667,0.09333333333333334,7.166666666666667,161,397939685529,100,1433.7649018764496,9.5,0.9506624412110521,0.095,6.833333333333333,162,946348113438,100,1364.6158368587494,9.75,0.9776236405055848,0.0975,7.25,163,434173966266,100,1008.8250734806061,9.5,0.9373629850088183,0.095,7.083333333333333,164,389950724030,100,1523.345937013626,6626.230629682541,1524.0226681232452
36,49,4.9,12,3,16,21,11,19,10,11,10,17,12,14,19,21,11,12,17,18,12,15,0,0,7.133333333333333,9.3,0.9533951572604348,0.093,5,9.166666666666666,0.925970348324515,0.09166666666666666,7.666666666666667,155,761656375044,100,2460.250410079956,9.083333333333334,0.9535822677836564,0.09083333333333334,6.333333333333333,156,397939685529,100,2235.0872271060944,9.416666666666666,0.9610861992945323,0.09416666666666666,7.5,157,946348113438,100,1734.847388267517,9.5,0.9778156599059376,0.095,7.083333333333333,158,434173966266,100,1400.747986793518,9.333333333333334,0.9485213109935331,0.09333333333333334,7.083333333333333,159,389950724030,100,1949.9344248771667,9780.867437124252,0.0015876293182373047
37,49,4.9,12,3,16,21,11,19,10,11,10,17,12,14,19,21,11,12,17,18,12,15,0,0,7.133333333333333,9.3,0.9533951572604348,0.093,5,9.166666666666666,0.925970348324515,0.09166666666666666,7.666666666666667,155,761656375044,100,2460.250410079956,9.083333333333334,0.9535822677836564,0.09083333333333334,6.333333333333333,156,397939685529,100,2235.0872271060944,9.416666666666666,0.9610861992945323,0.09416666666666666,7.5,157,946348113438,100,1734.847388267517,9.5,0.9778156599059376,0.095,7.083333333333333,158,434173966266,100,1400.747986793518,9.333333333333334,0.9485213109935331,0.09333333333333334,7.083333333333333,159,389950724030,100,1949.9344248771667,9780.867437124252,0.0011827945709228516
38,37,3.7,12,3,12,15,11,15,10,11,10,17,13,15,17,18,11,12,0,0,0,0,0,0,4.216666666666667,5.416666666666667,0.9724835600907028,0.05416666666666666,5,5.25,0.9859845049130761,0.0525,4.416666666666667,165,761656375044,100,674.4578506946564,5.416666666666667,0.9646499433106575,0.05416666666666667,4.083333333333333,166,397939685529,100,860.3703849315643,5.5,0.9627966742252454,0.055,4.083333333333333,167,946348113438,100,846.1987926959991,5.416666666666667,0.9710246598639455,0.05416666666666667,4.166666666666667,168,434173966266,100,804.9354248046875,5.5,0.9779620181405893,0.055,4.333333333333333,169,389950724030,100,741.7685163021088,3927.730969429016,860.6154456138611
39,48,4.8,12,3,16,21,11,19,10,11,10,17,13,15,19,21,11,12,17,18,12,14,0,0,6.866666666666667,8.916666666666668,0.9526160052910051,0.08916666666666666,5,9.0,0.9445515873015871,0.09,6.833333333333333,170,761656375044,100,1045.1550776958466,8.666666666666666,0.9584748677248675,0.08666666666666667,5.916666666666667,171,397939685529,100,1135.8483424186707,8.833333333333334,0.9449189814814812,0.08833333333333333,7.166666666666667,172,946348113438,100,1149.9929196834564,9.083333333333334,0.9607638888888886,0.09083333333333334,7.0,173,434173966266,100,997.2425072193146,9.0,0.9543707010582008,0.09,7.416666666666667,174,389950724030,100,1092.6058657169342,5420.844712734222,1150.3212745189667
40,22,2.2,12,3,18,21,13,21,12,13,17,19,19,21,19,21,15,21,13,17,11,18,14,17,5.783333333333333,8.616666666666667,0.9579491402116401,0.08616666666666666,5,8.833333333333334,0.9711828703703702,0.08833333333333333,6.333333333333333,30,761656375044,100,986.1751728057861,8.416666666666666,0.9419333664021163,0.08416666666666667,5.0,31,397939685529,100,1364.5862936973572,8.333333333333334,0.9534666005291003,0.08333333333333333,6.75,32,946348113438,100,1235.590901851654,8.666666666666666,0.963037533068783,0.08666666666666667,6.5,33,434173966266,100,1220.0811512470245,8.833333333333334,0.9601253306878303,0.08833333333333333,4.333333333333333,34,389950724030,100,1125.8569753170013,5932.290494918823,0.002028226852416992
41,22,2.2,12,3,18,21,13,21,12,13,17,19,19,21,19,21,15,21,13,17,11,18,14,17,5.783333333333333,8.616666666666667,0.9579491402116401,0.08616666666666666,5,8.833333333333334,0.9711828703703702,0.08833333333333333,6.333333333333333,30,761656375044,100,986.1751728057861,8.416666666666666,0.9419333664021163,0.08416666666666667,5.0,31,397939685529,100,1364.5862936973572,8.333333333333334,0.9534666005291003,0.08333333333333333,6.75,32,946348113438,100,1235.590901851654,8.666666666666666,0.963037533068783,0.08666666666666667,6.5,33,434173966266,100,1220.0811512470245,8.833333333333334,0.9601253306878303,0.08833333333333333,4.333333333333333,34,389950724030,100,1125.8569753170013,5932.290494918823,0.0016198158264160156
42,37,3.7,12,3,12,15,11,19,10,11,10,17,13,15,11,12,17,18,0,0,0,0,0,0,4.700000000000001,6.483333333333334,0.9730902777777775,0.06483333333333333,5,6.25,0.9835383597883596,0.0625,5.166666666666667,175,761656375044,100,691.1608748435974,6.416666666666667,0.967050028344671,0.06416666666666666,5.5,176,397939685529,100,910.9228699207306,6.416666666666667,0.9604398148148147,0.06416666666666666,4.5,177,946348113438,100,885.0630662441254,6.666666666666667,0.9755123299319727,0.06666666666666667,4.416666666666667,178,434173966266,100,813.6102821826935,6.666666666666667,0.9789108560090699,0.06666666666666667,3.9166666666666665,179,389950724030,100,780.3417768478394,4081.098870038986,911.1397559642792
43,48,4.8,12,3,16,21,11,14,10,11,10,17,13,15,19,21,16,17,12,15,0,0,0,0,5.766666666666667,7.383333333333333,0.9623407076719573,0.07383333333333333,5,7.333333333333333,0.9748161375661373,0.07333333333333333,7.0,180,761656375044,100,893.7988760471344,7.333333333333333,0.9580041335978833,0.07333333333333333,5.25,181,397939685529,100,988.7861640453339,7.333333333333333,0.9570271164021161,0.07333333333333333,5.833333333333333,182,946348113438,100,1012.6783707141876,7.583333333333333,0.9697491732804231,0.07583333333333334,5.5,183,434173966266,100,840.9264681339264,7.333333333333333,0.9521069775132273,0.07333333333333333,5.25,184,389950724030,100,1009.563661813736,4745.753540754318,1012.840916633606
44,37,3.7,12,3,12,14,11,15,10,11,10,17,13,15,18,19,17,18,0,0,0,0,0,0,3.5666666666666664,5.133333333333334,0.9697641723356007,0.05133333333333333,5,4.916666666666667,0.9715235260770972,0.049166666666666664,4.25,185,761656375044,100,790.1011712551117,5.25,0.9681986961451245,0.0525,3.75,186,397939685529,100,764.0133662223816,5.083333333333333,0.9669302721088434,0.050833333333333335,2.5,187,946348113438,100,783.4892053604126,5.166666666666667,0.9715660430839,0.051666666666666666,4.25,188,434173966266,100,771.2257838249207,5.25,0.9706023242630383,0.0525,3.0833333333333335,189,389950724030,100,832.9757492542267,3941.805275917053,833.2694442272186
45,50,5.0,12,3,16,21,11,19,10,11,10,17,13,15,18,21,11,12,17,18,10,13,0,0,7.45,9.649999999999999,0.9520690917107582,0.0965,5,9.666666666666666,0.9391581422692532,0.09666666666666666,7.25,190,761656375044,100,1095.117748260498,9.5,0.9647129262198706,0.095,7.666666666666667,191,397939685529,100,952.3967416286469,9.666666666666666,0.9450437977660197,0.09666666666666666,6.583333333333333,192,946348113438,100,1094.3277225494385,9.75,0.9675428057025276,0.0975,8.083333333333334,193,434173966266,100,939.3657529354095,9.666666666666666,0.9438877865961197,0.09666666666666666,7.666666666666667,194,389950724030,100,1183.0593209266663,5264.267286300659,1183.3007009029388
46,49,4.9,12,3,16,21,11,19,10,11,10,17,13,15,18,21,11,12,17,18,12,15,0,0,7.333333333333333,9.55,0.9523538065843621,0.0955,5,9.666666666666666,0.9442672325102879,0.09666666666666666,8.333333333333334,160,761656375044,100,1295.6788804531097,9.333333333333334,0.9518527336860667,0.09333333333333334,7.166666666666667,161,397939685529,100,1433.7649018764496,9.5,0.9506624412110521,0.095,6.833333333333333,162,946348113438,100,1364.6158368587494,9.75,0.9776236405055848,0.0975,7.25,163,434173966266,100,1008.8250734806061,9.5,0.9373629850088183,0.095,7.083333333333333,164,389950724030,100,1523.345937013626,6626.230629682541,0.002008676528930664
47,49,4.9,12,3,16,21,11,19,10,11,10,17,13,15,18,21,11,12,17,18,12,15,0,0,7.333333333333333,9.55,0.9523538065843621,0.0955,5,9.666666666666666,0.9442672325102879,0.09666666666666666,8.333333333333334,160,761656375044,100,1295.6788804531097,9.333333333333334,0.9518527336860667,0.09333333333333334,7.166666666666667,161,397939685529,100,1433.7649018764496,9.5,0.9506624412110521,0.095,6.833333333333333,162,946348113438,100,1364.6158368587494,9.75,0.9776236405055848,0.0975,7.25,163,434173966266,100,1008.8250734806061,9.5,0.9373629850088183,0.095,7.083333333333333,164,389950724030,100,1523.345937013626,6626.230629682541,0.0015997886657714844
48,37,3.7,12,4,12,21,11,15,10,11,10,17,13,15,17,18,0,0,0,0,0,0,0,0,5.2,6.733333333333334,0.9679714138741915,0.06733333333333333,5,6.75,0.9666615226337446,0.0675,5.75,195,761656375044,100,816.7626190185547,6.666666666666667,0.9561221340388005,0.06666666666666667,6.333333333333333,196,397939685529,100,900.3845615386963,6.75,0.9590049970605524,0.0675,4.416666666666667,197,946348113438,100,790.6801383495331,6.666666666666667,0.973115079365079,0.06666666666666667,5.0,198,434173966266,100,813.2965278625488,6.833333333333333,0.9849533362727804,0.06833333333333333,4.5,199,389950724030,100,755.8271336555481,4076.950980424881,900.6008756160736
49,48,4.8,12,4,16,17,11,18,10,11,10,17,13,15,18,21,11,12,17,18,12,14,0,0,5.583333333333334,7.666666666666666,0.9476684303350966,0.07666666666666667,5,7.583333333333333,0.9300073486184596,0.07583333333333334,6.25,200,761656375044,100,1311.7139449119568,7.416666666666667,0.9479967666078775,0.07416666666666667,5.333333333333333,201,397939685529,100,1213.7864854335785,7.583333333333333,0.9466769547325098,0.07583333333333334,5.25,202,946348113438,100,1026.1484479904175,8.0,0.9655026455026451,0.08,5.666666666666667,203,434173966266,100,907.44731092453,7.75,0.9481584362139915,0.0775,5.416666666666667,204,389950724030,100,1040.4063651561737,5499.5025544166565,1311.7221760749817
50,37,3.7,12,4,12,14,11,15,10,11,10,17,13,15,19,20,17,18,10,11,0,0,0,0,3.7666666666666666,5.383333333333334,0.9626808035714284,0.05383333333333333,5,5.083333333333333,0.9573375496031743,0.050833333333333335,4.166666666666667,205,761656375044,100,882.3085248470306,5.5,0.979237351190476,0.055,4.083333333333333,206,397939685529,100,726.7177481651306,5.5,0.9617447916666664,0.055,2.9166666666666665,207,946348113438,100,820.709410905838,5.416666666666667,0.9515240575396823,0.05416666666666667,4.166666666666667,208,434173966266,100,915.0046334266663,5.416666666666667,0.9635602678571424,0.05416666666666667,3.5,209,389950724030,100,843.0173099040985,4187.757627248764,915.2209250926971
51,37,3.7,12,4,12,14,11,15,10,11,10,17,13,15,18,19,16,17,0,0,0,0,0,0,3.499999999999999,5.133333333333334,0.9697641723356007,0.05133333333333333,5,4.916666666666667,0.9715235260770972,0.049166666666666664,4.083333333333333,210,761656375044,100,812.1047849655151,5.25,0.9681986961451245,0.0525,3.5,211,397939685529,100,778.780980348587,5.083333333333333,0.9669302721088434,0.050833333333333335,2.5,212,946348113438,100,799.5834968090057,5.166666666666667,0.9715660430839,0.051666666666666666,4.333333333333333,213,434173966266,100,789.7109456062317,5.25,0.9706023242630383,0.0525,3.0833333333333335,214,389950724030,100,834.8166553974152,4014.9968631267548,834.9828436374664
52,50,5.0,12,4,17,21,11,19,10,11,10,17,13,15,18,21,11,12,17,18,10,13,0,0,7.1,9.35,0.9500278880070544,0.0935,5,9.416666666666666,0.9421779467960021,0.09416666666666666,6.75,215,761656375044,100,1036.8955011367798,9.166666666666666,0.9605447163433275,0.09166666666666666,7.916666666666667,216,397939685529,100,1028.9264953136444,9.25,0.9389067092886534,0.0925,6.166666666666667,217,946348113438,100,1248.2299048900604,9.416666666666666,0.9577730011757786,0.09416666666666666,7.833333333333333,218,434173966266,100,1126.7338602542877,9.5,0.9507370664315107,0.095,6.833333333333333,219,389950724030,100,1027.6103496551514,5468.396111249924,1248.454824924469
53,50,5.0,12,4,16,21,11,19,10,11,10,17,13,15,18,21,11,12,17,18,10,13,0,0,7.45,9.649999999999999,0.9520690917107582,0.0965,5,9.666666666666666,0.9391581422692532,0.09666666666666666,7.25,190,761656375044,100,1095.117748260498,9.5,0.9647129262198706,0.095,7.666666666666667,191,397939685529,100,952.3967416286469,9.666666666666666,0.9450437977660197,0.09666666666666666,6.583333333333333,192,946348113438,100,1094.3277225494385,9.75,0.9675428057025276,0.0975,8.083333333333334,193,434173966266,100,939.3657529354095,9.666666666666666,0.9438877865961197,0.09666666666666666,7.666666666666667,194,389950724030,100,1183.0593209266663,5264.267286300659,0.002015829086303711
54,37,3.7,12,4,11,14,11,15,10,11,10,17,13,15,15,16,11,13,0,0,0,0,0,0,4.35,5.666666666666666,0.9720832388510958,0.056666666666666664,5,5.333333333333333,0.9734495464852605,0.05333333333333334,5.5,220,761656375044,100,897.9674491882324,5.666666666666667,0.9780777588813302,0.056666666666666664,4.5,221,397939685529,100,716.0607783794403,5.75,0.9746480536659108,0.0575,3.6666666666666665,222,946348113438,100,716.3641638755798,5.833333333333333,0.9592342214663642,0.058333333333333334,3.6666666666666665,223,434173966266,100,869.8168981075287,5.75,0.9750066137566133,0.0575,4.416666666666667,224,389950724030,100,780.9326386451721,3981.1419281959534,897.9772255420685
55,48,4.8,12,4,16,21,11,14,10,11,11,18,13,15,19,21,18,19,12,13,0,0,0,0,4.966666666666667,6.883333333333333,0.9660435185185182,0.06883333333333334,5,6.75,0.9682245370370368,0.0675,4.5,225,761656375044,100,859.8450779914856,6.833333333333333,0.9615517526455022,0.06833333333333333,5.5,226,397939685529,100,817.3703866004944,6.916666666666667,0.9695181878306876,0.06916666666666667,4.5,227,946348113438,100,806.4573669433594,7.083333333333333,0.9705004960317458,0.07083333333333333,4.75,228,434173966266,100,789.3071365356445,6.833333333333333,0.9604226190476187,0.06833333333333333,5.583333333333333,229,389950724030,100,909.6554107666016,4182.635378837585,909.8291230201721
56,50,5.0,12,4,16,21,11,19,10,11,10,17,13,15,18,21,11,12,17,18,10,13,0,0,7.45,9.649999999999999,0.9520690917107582,0.0965,5,9.666666666666666,0.9391581422692532,0.09666666666666666,7.25,190,761656375044,100,1095.117748260498,9.5,0.9647129262198706,0.095,7.666666666666667,191,397939685529,100,952.3967416286469,9.666666666666666,0.9450437977660197,0.09666666666666666,6.583333333333333,192,946348113438,100,1094.3277225494385,9.75,0.9675428057025276,0.0975,8.083333333333334,193,434173966266,100,939.3657529354095,9.666666666666666,0.9438877865961197,0.09666666666666666,7.666666666666667,194,389950724030,100,1183.0593209266663,5264.267286300659,0.0021076202392578125
57,48,4.8,12,4,16,21,11,19,10,11,10,17,13,15,18,21,11,12,17,18,12,15,0,0,7.2666666666666675,9.516666666666667,0.9543959215167546,0.09516666666666666,5,9.583333333333334,0.9453697824808933,0.09583333333333334,7.166666666666667,230,761656375044,100,1040.7409465312958,9.333333333333334,0.9585708406819514,0.09333333333333334,7.166666666666667,231,397939685529,100,1085.5254578590393,9.5,0.9484514623750732,0.095,7.0,232,946348113438,100,1106.3562762737274,9.666666666666666,0.9729676660787769,0.09666666666666666,7.666666666666667,233,434173966266,100,949.4199602603912,9.5,0.9466198559670779,0.095,7.333333333333333,234,389950724030,100,1169.7180104255676,5351.760651350021,1169.9835522174835
58,37,3.7,12,4,12,14,11,15,10,11,10,17,13,15,18,19,17,18,0,0,0,0,0,0,3.5666666666666664,5.133333333333334,0.9697641723356007,0.05133333333333333,5,4.916666666666667,0.9715235260770972,0.049166666666666664,4.25,185,761656375044,100,790.1011712551117,5.25,0.9681986961451245,0.0525,3.75,186,397939685529,100,764.0133662223816,5.083333333333333,0.9669302721088434,0.050833333333333335,2.5,187,946348113438,100,783.4892053604126,5.166666666666667,0.9715660430839,0.051666666666666666,4.25,188,434173966266,100,771.2257838249207,5.25,0.9706023242630383,0.0525,3.0833333333333335,189,389950724030,100,832.9757492542267,3941.805275917053,0.0020737648010253906
59,37,3.7,12,4,12,14,11,15,10,11,10,17,11,13,18,19,17,18,0,0,0,0,0,0,3.6333333333333337,5.066666666666667,0.971629535147392,0.05066666666666666,5,4.75,0.971112528344671,0.0475,4.25,235,761656375044,100,846.1124677658081,5.166666666666667,0.9737712585034011,0.051666666666666666,3.6666666666666665,236,397939685529,100,787.6528391838074,5.166666666666667,0.9694642857142854,0.051666666666666666,3.8333333333333335,237,946348113438,100,711.0128021240234,5.083333333333333,0.968864795918367,0.050833333333333335,3.0,238,434173966266,100,813.3440229892731,5.166666666666667,0.9749348072562355,0.051666666666666666,3.4166666666666665,239,389950724030,100,798.9074640274048,3957.0295960903168,846.1240046024323
60,49,4.9,12,5,12,14,11,19,10,11,10,17,13,15,16,17,0,0,0,0,0,0,0,0,5.066666666666666,6.533333333333334,0.9597113095238093,0.06533333333333333,5,6.5,0.958729332010582,0.065,6.25,240,761656375044,100,806.048859834671,6.5,0.9522842261904759,0.065,4.5,241,397939685529,100,847.7682123184204,6.5,0.9528133267195766,0.065,4.333333333333333,242,946348113438,100,945.8761920928955,6.416666666666667,0.951706349206349,0.06416666666666666,5.25,243,434173966266,100,846.3604121208191,6.75,0.9830233134920632,0.0675,5.0,244,389950724030,100,611.2849991321564,4057.3386754989624,946.0392169952393
61,37,3.7,12,5,17,21,11,14,10,11,10,17,13,15,18,21,11,12,16,17,10,13,0,0,5.200000000000001,7.05,0.9622650646678423,0.07050000000000001,5,7.083333333333333,0.9612081128747794,0.07083333333333333,5.0,245,761656375044,100,931.570907831192,6.916666666666667,0.9459964726631392,0.06916666666666667,6.75,246,397939685529,100,1102.3066370487213,7.0,0.9675536449147558,0.07,4.166666666666667,247,946348113438,100,1095.312373638153,7.25,0.9689002792475014,0.0725,5.666666666666667,248,434173966266,100,973.9127399921417,7.0,0.9676668136390355,0.07,4.416666666666667,249,389950724030,100,963.3107850551605,5066.413443565369,1102.4807069301605
62,14,1.4,12,5,17,21,10,14,12,13,17,18,19,21,19,21,15,21,13,17,14,17,0,0,3.15,4.833333333333334,0.9632890946502055,0.048333333333333325,5,4.583333333333333,0.9650668724279833,0.04583333333333333,4.0,250,761656375044,100,915.5621738433838,4.833333333333333,0.9637757201646089,0.04833333333333333,2.4166666666666665,251,397939685529,100,960.9703571796417,4.916666666666667,0.9552520576131686,0.049166666666666664,2.5,252,946348113438,100,947.2276179790497,4.916666666666667,0.9617824074074073,0.049166666666666664,3.5,253,434173966266,100,871.9812438488007,4.916666666666667,0.9705684156378598,0.049166666666666664,3.3333333333333335,254,389950724030,100,859.4019994735718,4555.143392324448,961.1387393474579
63,37,3.7,12,5,12,14,13,21,9,10,9,12,11,12,11,18,0,0,0,0,0,0,0,0,4.616666666666666,6.166666666666666,0.9688167989417987,0.06166666666666667,5,6.0,0.9775275573192239,0.06,5.333333333333333,255,761656375044,100,816.4481449127197,6.083333333333333,0.9772949735449733,0.060833333333333336,4.75,256,397939685529,100,782.5730354785919,6.25,0.9664671516754849,0.0625,3.5833333333333335,257,946348113438,100,757.4742610454559,6.166666666666667,0.9619700727513226,0.06166666666666667,5.083333333333333,258,434173966266,100,868.3791906833649,6.333333333333333,0.9608242394179892,0.06333333333333334,4.333333333333333,259,389950724030,100,837.102109670639,4061.9767417907715,868.6012053489685
64,36,3.6,12,5,15,17,11,14,10,11,10,17,13,15,19,20,16,17,10,11,0,0,0,0,3.7999999999999994,5.033333333333333,0.9538285383597881,0.05033333333333334,5,4.916666666666667,0.9581994047619045,0.049166666666666664,3.6666666666666665,260,761656375044,100,788.5498447418213,5.083333333333333,0.9781911375661373,0.050833333333333335,4.75,261,397939685529,100,779.007360458374,5.083333333333333,0.9623437499999997,0.050833333333333335,3.0,262,946348113438,100,876.3054959774017,4.916666666666667,0.9254637896825393,0.049166666666666664,5.0,263,434173966266,100,1086.3127064704895,5.166666666666667,0.9449446097883594,0.051666666666666666,2.5833333333333335,264,389950724030,100,938.8523020744324,4469.027709722519,1086.5385229587555
65,48,4.8,12,5,12,20,11,14,10,11,11,18,13,15,19,21,18,19,12,13,0,0,0,0,5.716666666666667,7.833333333333334,0.9656583994708992,0.07833333333333332,5,7.75,0.971343419312169,0.0775,6.5,265,761656375044,100,821.2599124908447,7.75,0.9575677910052907,0.0775,5.583333333333333,266,397939685529,100,826.9231793880463,7.75,0.9699392361111109,0.0775,4.916666666666667,267,946348113438,100,809.4254229068756,8.083333333333334,0.9637264384920634,0.08083333333333333,5.5,268,434173966266,100,826.8797664642334,7.833333333333333,0.9657151124338621,0.07833333333333334,6.083333333333333,269,389950724030,100,784.8316144943237,4069.3198957443237,827.1401164531708
66,48,4.8,12,5,16,21,11,13,10,11,10,17,13,15,19,21,16,17,12,15,0,0,0,0,5.216666666666667,7.1833333333333345,0.9633319444444443,0.07183333333333333,5,7.0,0.9700833333333331,0.07,6.75,270,761656375044,100,861.0952847003937,7.166666666666667,0.95786789021164,0.07166666666666667,4.75,271,397939685529,100,920.0156855583191,7.166666666666667,0.9596681547619045,0.07166666666666667,4.333333333333333,272,946348113438,100,957.7361521720886,7.416666666666667,0.9701059854497354,0.07416666666666667,5.333333333333333,273,434173966266,100,744.0200846195221,7.166666666666667,0.9589343584656081,0.07166666666666667,4.916666666666667,274,389950724030,100,854.4699876308441,4337.337194681168,957.9328019618988
67,50,5.0,12,5,17,21,11,19,10,11,10,17,13,15,18,21,11,12,17,18,9,12,0,0,7.5,9.45,0.9571940770135212,0.0945,5,9.583333333333334,0.9477175191064079,0.09583333333333334,8.416666666666666,275,761656375044,100,920.3071179389954,9.333333333333334,0.9695864564961786,0.09333333333333334,7.0,276,397939685529,100,861.1497178077698,9.416666666666666,0.9495960097001759,0.09416666666666666,6.916666666666667,277,946348113438,100,981.0079717636108,9.416666666666666,0.9614335317460314,0.09416666666666666,8.25,278,434173966266,100,1025.244696855545,9.5,0.9576368680188122,0.095,6.916666666666667,279,389950724030,100,927.3502264022827,4715.059730768204,1025.4832458496094
68,47,4.7,12,5,16,18,11,13,10,11,10,17,11,13,18,19,17,18,0,0,0,0,0,0,3.5666666666666664,4.916666666666667,0.955894557823129,0.049166666666666664,5,4.666666666666667,0.938364512471655,0.04666666666666667,3.4166666666666665,280,761656375044,100,893.1544847488403,5.0,0.9532369614512471,0.05,3.4166666666666665,281,397939685529,100,803.6873905658722,5.0,0.9620946712018137,0.05,3.5,282,946348113438,100,772.2201042175293,5.0,0.9627465986394556,0.05,3.75,283,434173966266,100,864.9227678775787,4.916666666666667,0.9630300453514736,0.049166666666666664,3.75,284,389950724030,100,723.6942162513733,4057.678963661194,893.1670060157776
69,37,3.7,12,5,11,19,11,14,10,11,10,17,12,14,18,21,16,17,12,15,0,0,0,0,5.950000000000001,7.9,0.9662513227513226,0.079,5,7.833333333333333,0.9618981481481481,0.07833333333333334,6.833333333333333,285,761656375044,100,828.4726910591125,7.916666666666667,0.98022300760582,0.07916666666666666,5.166666666666667,286,397939685529,100,828.9061946868896,7.916666666666667,0.961929150132275,0.07916666666666666,4.916666666666667,287,946348113438,100,946.6087250709534,8.0,0.9593760333994706,0.08,6.166666666666667,288,434173966266,100,1084.7100622653961,7.833333333333333,0.9678302744708993,0.07833333333333334,6.666666666666667,289,389950724030,100,937.3723194599152,4626.069992542267,1084.8811905384064
70,37,3.7,12,5,12,14,11,15,10,11,10,17,11,13,18,19,17,18,0,0,0,0,0,0,3.6333333333333337,5.066666666666667,0.971629535147392,0.05066666666666666,5,4.75,0.971112528344671,0.0475,4.25,235,761656375044,100,846.1124677658081,5.166666666666667,0.9737712585034011,0.051666666666666666,3.6666666666666665,236,397939685529,100,787.6528391838074,5.166666666666667,0.9694642857142854,0.051666666666666666,3.8333333333333335,237,946348113438,100,711.0128021240234,5.083333333333333,0.968864795918367,0.050833333333333335,3.0,238,434173966266,100,813.3440229892731,5.166666666666667,0.9749348072562355,0.051666666666666666,3.4166666666666665,239,389950724030,100,798.9074640274048,3957.0295960903168,0.0011224746704101562
71,37,3.7,12,5,12,14,11,15,10,11,10,17,13,15,18,19,17,18,0,0,0,0,0,0,3.5666666666666664,5.133333333333334,0.9697641723356007,0.05133333333333333,5,4.916666666666667,0.9715235260770972,0.049166666666666664,4.25,185,761656375044,100,790.1011712551117,5.25,0.9681986961451245,0.0525,3.75,186,397939685529,100,764.0133662223816,5.083333333333333,0.9669302721088434,0.050833333333333335,2.5,187,946348113438,100,783.4892053604126,5.166666666666667,0.9715660430839,0.051666666666666666,4.25,188,434173966266,100,771.2257838249207,5.25,0.9706023242630383,0.0525,3.0833333333333335,189,389950724030,100,832.9757492542267,3941.805275917053,0.0008227825164794922
72,47,4.7,12,6,16,18,11,13,10,11,10,17,11,13,18,19,17,18,0,0,0,0,0,0,3.5666666666666664,4.916666666666667,0.955894557823129,0.049166666666666664,5,4.666666666666667,0.938364512471655,0.04666666666666667,3.4166666666666665,280,761656375044,100,893.1544847488403,5.0,0.9532369614512471,0.05,3.4166666666666665,281,397939685529,100,803.6873905658722,5.0,0.9620946712018137,0.05,3.5,282,946348113438,100,772.2201042175293,5.0,0.9627465986394556,0.05,3.75,283,434173966266,100,864.9227678775787,4.916666666666667,0.9630300453514736,0.049166666666666664,3.75,284,389950724030,100,723.6942162513733,4057.678963661194,0.0012450218200683594
73,14,1.4,12,6,17,21,10,14,12,13,17,18,19,21,19,21,15,21,13,17,14,17,0,0,3.15,4.833333333333334,0.9632890946502055,0.048333333333333325,5,4.583333333333333,0.9650668724279833,0.04583333333333333,4.0,250,761656375044,100,915.5621738433838,4.833333333333333,0.9637757201646089,0.04833333333333333,2.4166666666666665,251,397939685529,100,960.9703571796417,4.916666666666667,0.9552520576131686,0.049166666666666664,2.5,252,946348113438,100,947.2276179790497,4.916666666666667,0.9617824074074073,0.049166666666666664,3.5,253,434173966266,100,871.9812438488007,4.916666666666667,0.9705684156378598,0.049166666666666664,3.3333333333333335,254,389950724030,100,859.4019994735718,4555.143392324448,0.0010917186737060547
74,37,3.7,12,6,12,14,11,15,10,11,10,17,11,13,18,19,17,18,0,0,0,0,0,0,3.6333333333333337,5.066666666666667,0.971629535147392,0.05066666666666666,5,4.75,0.971112528344671,0.0475,4.25,235,761656375044,100,846.1124677658081,5.166666666666667,0.9737712585034011,0.051666666666666666,3.6666666666666665,236,397939685529,100,787.6528391838074,5.166666666666667,0.9694642857142854,0.051666666666666666,3.8333333333333335,237,946348113438,100,711.0128021240234,5.083333333333333,0.968864795918367,0.050833333333333335,3.0,238,434173966266,100,813.3440229892731,5.166666666666667,0.9749348072562355,0.051666666666666666,3.4166666666666665,239,389950724030,100,798.9074640274048,3957.0295960903168,0.0010390281677246094
75,37,3.7,12,6,12,14,11,15,10,11,10,17,11,13,18,19,17,18,0,0,0,0,0,0,3.6333333333333337,5.066666666666667,0.971629535147392,0.05066666666666666,5,4.75,0.971112528344671,0.0475,4.25,235,761656375044,100,846.1124677658081,5.166666666666667,0.9737712585034011,0.051666666666666666,3.6666666666666665,236,397939685529,100,787.6528391838074,5.166666666666667,0.9694642857142854,0.051666666666666666,3.8333333333333335,237,946348113438,100,711.0128021240234,5.083333333333333,0.968864795918367,0.050833333333333335,3.0,238,434173966266,100,813.3440229892731,5.166666666666667,0.9749348072562355,0.051666666666666666,3.4166666666666665,239,389950724030,100,798.9074640274048,3957.0295960903168,0.0010251998901367188
76,48,4.8,12,6,16,18,11,18,10,11,10,17,13,15,18,19,17,18,12,14,0,0,0,0,4.85,7.133333333333333,0.9566800595238092,0.07133333333333333,5,7.083333333333333,0.967048611111111,0.07083333333333333,5.083333333333333,290,761656375044,100,846.7275080680847,7.166666666666667,0.955768849206349,0.07166666666666667,5.0,291,397939685529,100,850.3335926532745,7.083333333333333,0.9511259920634918,0.07083333333333333,3.75,292,946348113438,100,898.4366247653961,7.25,0.9661036706349204,0.0725,5.25,293,434173966266,100,808.5680909156799,7.083333333333333,0.9433531746031742,0.07083333333333333,5.166666666666667,294,389950724030,100,1045.1038715839386,4449.169687986374,1045.4252712726593
77,46,4.6,12,6,11,13,10,11,10,17,11,13,18,21,17,18,0,0,0,0,0,0,0,0,3.6,4.883333333333333,0.9633835978835977,0.048833333333333326,5,4.833333333333333,0.9714649470899469,0.04833333333333333,3.9166666666666665,295,761656375044,100,659.0233581066132,4.833333333333333,0.9537907848324515,0.04833333333333333,3.3333333333333335,296,397939685529,100,888.6561319828033,4.916666666666667,0.963853615520282,0.049166666666666664,3.6666666666666665,297,946348113438,100,786.6152877807617,4.75,0.9581834215167547,0.0475,3.5833333333333335,298,434173966266,100,775.7024486064911,5.083333333333333,0.9696252204585534,0.050833333333333335,3.5,299,389950724030,100,732.5040876865387,3842.501314163208,888.8065054416656
78,37,3.7,12,6,12,14,11,15,10,11,10,17,13,15,18,19,15,16,0,0,0,0,0,0,3.45,5.133333333333334,0.9697641723356007,0.05133333333333333,5,4.916666666666667,0.9715235260770972,0.049166666666666664,3.8333333333333335,300,761656375044,100,816.3591573238373,5.25,0.9681986961451245,0.0525,3.5833333333333335,301,397939685529,100,763.4563579559326,5.083333333333333,0.9669302721088434,0.050833333333333335,2.8333333333333335,302,946348113438,100,777.226776599884,5.166666666666667,0.9715660430839,0.051666666666666666,3.9166666666666665,303,434173966266,100,771.6371648311615,5.25,0.9706023242630383,0.0525,3.0833333333333335,304,389950724030,100,833.3594379425049,3962.0388946533203,833.550368309021
79,48,4.8,12,6,11,18,10,11,10,17,13,15,18,21,11,12,17,18,12,14,0,0,0,0,5.883333333333334,7.516666666666666,0.9605127314814812,0.07516666666666666,5,7.5,0.9775090939153438,0.075,5.916666666666667,305,761656375044,100,756.0905404090881,7.5,0.9585631613756611,0.075,6.083333333333333,306,397939685529,100,935.2225155830383,7.5,0.9438351521164018,0.075,5.083333333333333,307,946348113438,100,938.3138728141785,7.583333333333333,0.96490162037037,0.07583333333333334,6.666666666666667,308,434173966266,100,880.1552555561066,7.5,0.9577546296296293,0.075,5.666666666666667,309,389950724030,100,828.8220584392548,4338.604242801666,938.4828050136566
80,49,4.9,12,6,16,17,11,18,10,11,10,17,13,15,11,12,15,16,0,0,0,0,0,0,4.933333333333334,6.2333333333333325,0.9501048752834464,0.06233333333333334,5,5.833333333333333,0.9092517006802717,0.058333333333333334,5.25,310,761656375044,100,1097.8973417282104,6.25,0.9646173469387751,0.0625,4.5,311,397939685529,100,791.5230224132538,6.333333333333333,0.9672335600907027,0.06333333333333334,4.0,312,946348113438,100,732.9758496284485,6.416666666666667,0.9469160997732425,0.06416666666666666,5.916666666666667,313,434173966266,100,860.2858781814575,6.333333333333333,0.9625056689342399,0.06333333333333334,5.0,314,389950724030,100,800.1497066020966,4282.831798553467,1097.911191701889
81,35,3.5,12,6,12,14,11,14,10,11,10,17,13,15,18,21,17,18,12,13,0,0,0,0,3.8833333333333337,5.5,0.9540985449735446,0.05500000000000001,5,5.333333333333333,0.9589368386243383,0.05333333333333334,5.083333333333333,315,761656375044,100,879.0822269916534,5.583333333333333,0.959857804232804,0.05583333333333333,3.4166666666666665,316,397939685529,100,840.4488592147827,5.666666666666667,0.9764128637566134,0.056666666666666664,3.5833333333333335,317,946348113438,100,785.8924615383148,5.416666666666667,0.9379852843915341,0.05416666666666667,3.5833333333333335,318,434173966266,100,1064.7146348953247,5.5,0.9372999338624336,0.055,3.75,319,389950724030,100,1005.0101861953735,4575.148368835449,1065.0684599876404
82,36,3.6,12,6,15,17,11,14,10,11,9,16,13,15,19,20,16,17,10,11,0,0,0,0,3.65,5.033333333333333,0.9554012896825392,0.05033333333333334,5,4.916666666666667,0.9588095238095236,0.049166666666666664,4.083333333333333,320,761656375044,100,791.3825917243958,5.083333333333333,0.9852190806878304,0.050833333333333335,3.5833333333333335,321,397939685529,100,708.5748031139374,5.083333333333333,0.9605166997354493,0.050833333333333335,3.3333333333333335,322,946348113438,100,893.3698754310608,4.916666666666667,0.9191493055555552,0.049166666666666664,3.8333333333333335,323,434173966266,100,1122.7109138965607,5.166666666666667,0.9533118386243383,0.051666666666666666,3.4166666666666665,324,389950724030,100,796.4814937114716,4312.519677877426,1122.9379239082336
83,37,3.7,12,6,12,14,11,15,11,12,10,17,13,15,18,19,16,17,0,0,0,0,0,0,3.166666666666667,5.133333333333334,0.9697641723356007,0.05133333333333333,5,4.916666666666667,0.9715235260770972,0.049166666666666664,4.166666666666667,325,761656375044,100,768.3238537311554,5.25,0.9681986961451245,0.0525,2.6666666666666665,326,397939685529,100,723.4586644172668,5.083333333333333,0.9669302721088434,0.050833333333333335,3.0,327,946348113438,100,748.4380190372467,5.166666666666667,0.9715660430839,0.051666666666666666,3.6666666666666665,328,434173966266,100,726.9108567237854,5.25,0.9706023242630383,0.0525,2.3333333333333335,329,389950724030,100,785.3653936386108,3752.496787548065,785.8514060974121
84,50,5.0,12,7,17,21,11,13,10,11,10,17,13,15,18,21,16,17,10,13,0,0,0,0,4.8500000000000005,7.283333333333334,0.9668839285714282,0.07283333333333333,5,7.166666666666667,0.9734635416666664,0.07166666666666667,5.75,330,761656375044,100,837.8331716060638,7.166666666666667,0.9587012235449733,0.07166666666666667,4.916666666666667,331,397939685529,100,880.8849284648895,7.333333333333333,0.963534226190476,0.07333333333333333,4.416666666666667,332,946348113438,100,813.4738562107086,7.416666666666667,0.9778831845238094,0.07416666666666667,4.916666666666667,333,434173966266,100,798.9816386699677,7.333333333333333,0.9608374669312167,0.07333333333333333,4.25,334,389950724030,100,881.6150879859924,4212.788682937622,881.8955764770508
85,36,3.6,12,7,15,17,11,19,10,11,10,17,13,15,19,20,16,17,10,11,0,0,0,0,4.95,6.366666666666667,0.9609217509920633,0.06366666666666666,5,6.25,0.9588665674603172,0.0625,5.166666666666667,335,761656375044,100,860.414140701294,6.416666666666667,0.990176091269841,0.06416666666666666,5.833333333333333,336,397939685529,100,698.5450184345245,6.416666666666667,0.9671788194444441,0.06416666666666666,3.9166666666666665,337,946348113438,100,845.9595699310303,6.333333333333333,0.9371502976190473,0.06333333333333334,6.166666666666667,338,434173966266,100,991.8833627700806,6.416666666666667,0.9512369791666664,0.06416666666666666,3.6666666666666665,339,389950724030,100,851.2582068443298,4248.060298681259,992.0561912059784
86,36,3.6,12,7,15,17,11,12,10,11,9,16,13,15,19,20,16,17,10,11,0,0,0,0,3.633333333333333,4.4,0.9466507936507933,0.044,5,4.166666666666667,0.9414682539682537,0.041666666666666664,4.0,340,761656375044,100,967.2733368873596,4.5,0.9718998015873013,0.045,2.9166666666666665,341,397939685529,100,740.3509438037872,4.416666666666667,0.948772321428571,0.04416666666666667,3.4166666666666665,342,946348113438,100,854.6594433784485,4.416666666666667,0.9316840277777774,0.04416666666666667,4.333333333333333,343,434173966266,100,925.9644548892975,4.5,0.9394295634920631,0.045,3.5,344,389950724030,100,972.7265737056732,4460.974752664566,972.9272754192352
87,14,1.4,12,7,17,21,10,14,12,13,17,18,19,21,19,21,15,21,13,17,14,17,0,0,3.15,4.833333333333334,0.9632890946502055,0.048333333333333325,5,4.583333333333333,0.9650668724279833,0.04583333333333333,4.0,250,761656375044,100,915.5621738433838,4.833333333333333,0.9637757201646089,0.04833333333333333,2.4166666666666665,251,397939685529,100,960.9703571796417,4.916666666666667,0.9552520576131686,0.049166666666666664,2.5,252,946348113438,100,947.2276179790497,4.916666666666667,0.9617824074074073,0.049166666666666664,3.5,253,434173966266,100,871.9812438488007,4.916666666666667,0.9705684156378598,0.049166666666666664,3.3333333333333335,254,389950724030,100,859.4019994735718,4555.143392324448,0.0011026859283447266
88,23,2.3,12,7,14,15,11,13,10,11,10,17,13,15,19,20,16,17,0,0,0,0,0,0,2.3666666666666663,3.3833333333333337,0.9354812925170066,0.03383333333333333,5,3.0833333333333335,0.951068594104308,0.030833333333333334,3.1666666666666665,345,761656375044,100,886.3057582378387,3.3333333333333335,0.9336366213151924,0.03333333333333333,3.0,346,397939685529,100,1004.9049179553986,3.5,0.922284580498866,0.035,1.5833333333333333,347,946348113438,100,1017.4774577617645,3.4166666666666665,0.9364257369614509,0.034166666666666665,2.8333333333333335,348,434173966266,100,973.2747476100922,3.5833333333333335,0.9339909297052152,0.035833333333333335,1.25,349,389950724030,100,963.0984466075897,4845.061328172684,1017.8753349781036
89,49,4.9,12,7,16,17,11,18,10,11,10,17,13,15,11,12,15,16,0,0,0,0,0,0,4.933333333333334,6.2333333333333325,0.9501048752834464,0.06233333333333334,5,5.833333333333333,0.9092517006802717,0.058333333333333334,5.25,310,761656375044,100,1097.8973417282104,6.25,0.9646173469387751,0.0625,4.5,311,397939685529,100,791.5230224132538,6.333333333333333,0.9672335600907027,0.06333333333333334,4.0,312,946348113438,100,732.9758496284485,6.416666666666667,0.9469160997732425,0.06416666666666666,5.916666666666667,313,434173966266,100,860.2858781814575,6.333333333333333,0.9625056689342399,0.06333333333333334,5.0,314,389950724030,100,800.1497066020966,4282.831798553467,0.0021233558654785156
90,47,4.7,12,7,12,14,11,12,9,10,10,17,12,14,18,19,16,17,0,0,0,0,0,0,3.183333333333333,4.583333333333334,0.9449699546485257,0.04583333333333333,5,4.333333333333333,0.9213066893424032,0.043333333333333335,3.3333333333333335,350,761656375044,100,968.2147760391235,4.666666666666667,0.9526870748299316,0.04666666666666667,3.0833333333333335,351,397939685529,100,892.1046042442322,4.583333333333333,0.9481009070294781,0.04583333333333333,2.3333333333333335,352,946348113438,100,854.1609663963318,4.666666666666667,0.9518820861678001,0.04666666666666667,4.0,353,434173966266,100,855.096795797348,4.666666666666667,0.9508730158730154,0.04666666666666667,3.1666666666666665,354,389950724030,100,920.9657826423645,4490.5429251194,968.2289898395538
91,36,3.6,12,7,15,17,11,13,11,12,10,17,11,13,18,19,17,18,0,0,0,0,0,0,3.1166666666666663,4.45,0.9546179138321993,0.0445,5,4.25,0.9540107709750565,0.0425,3.4166666666666665,355,761656375044,100,884.0479776859283,4.583333333333333,0.9589909297052152,0.04583333333333333,3.25,356,397939685529,100,788.9051723480225,4.583333333333333,0.9761961451247163,0.04583333333333333,2.6666666666666665,357,946348113438,100,640.9801955223083,4.416666666666667,0.9438123582766436,0.04416666666666667,4.0,358,434173966266,100,838.5173473358154,4.416666666666667,0.9400793650793648,0.04416666666666667,2.25,359,389950724030,100,874.1701383590698,4026.6208312511444,884.0595524311066
92,36,3.6,12,7,16,18,11,14,10,11,9,16,19,20,16,17,10,12,0,0,0,0,0,0,3.5333333333333337,4.716666666666667,0.95785865457294,0.04716666666666667,5,4.666666666666667,0.976010959939531,0.04666666666666667,4.25,360,761656375044,100,660.4741792678833,4.666666666666667,0.9457908163265303,0.04666666666666667,3.25,361,397939685529,100,925.4867055416107,4.75,0.9735676492819347,0.0475,3.0833333333333335,362,946348113438,100,700.790637254715,4.833333333333333,0.9561725245653813,0.04833333333333333,3.4166666666666665,363,434173966266,100,786.3111662864685,4.666666666666667,0.9377513227513224,0.04666666666666667,3.6666666666666665,364,389950724030,100,961.5474920272827,4034.61018037796,961.7345502376556
93,48,4.8,12,7,11,18,10,11,10,17,13,15,18,21,11,12,17,18,0,0,0,0,0,0,5.45,6.75,0.9501713907785332,0.0675,5,6.5,0.9275831443688584,0.065,5.833333333333333,365,761656375044,100,997.5219790935516,6.75,0.961916099773242,0.0675,5.333333333333333,366,397939685529,100,858.3522248268127,6.833333333333333,0.9526001511715795,0.06833333333333333,5.583333333333333,367,946348113438,100,809.7662310600281,6.916666666666667,0.9609731670445952,0.06916666666666667,5.833333333333333,368,434173966266,100,804.2901432514191,6.75,0.9477843915343912,0.0675,4.666666666666667,369,389950724030,100,905.252845287323,4375.1834235191345,997.5373060703278
94,14,1.4,12,7,17,21,10,14,12,13,19,21,19,21,18,21,10,14,14,17,0,0,0,0,2.583333333333333,4.1,0.9662303240740739,0.041,5,3.9166666666666665,0.9725839120370369,0.03916666666666667,2.3333333333333335,370,761656375044,100,858.4124863147736,4.416666666666667,0.9818894675925924,0.04416666666666667,2.75,371,397939685529,100,672.3708784580231,4.0,0.9663512731481478,0.04,2.6666666666666665,372,946348113438,100,887.2956213951111,4.083333333333333,0.9566927083333332,0.04083333333333333,3.0,373,434173966266,100,908.7218453884125,4.083333333333333,0.953634259259259,0.04083333333333333,2.1666666666666665,374,389950724030,100,1107.8771996498108,4434.678031206131,1108.0987482070923
95,47,4.7,12,7,16,17,11,18,10,11,13,14,10,17,13,15,14,21,13,14,12,13,0,0,6.183333333333333,8.55,0.9501194885361549,0.0855,5,8.583333333333334,0.9319312169312166,0.08583333333333333,6.083333333333333,375,761656375044,100,1134.1226353645325,8.333333333333334,0.9452513227513227,0.08333333333333333,5.583333333333333,376,397939685529,100,1090.7563889026642,8.583333333333334,0.9555136684303345,0.08583333333333333,5.916666666666667,377,946348113438,100,990.7488179206848,8.75,0.9574162257495588,0.0875,7.0,378,434173966266,100,1036.0956161022186,8.5,0.9604850088183419,0.085,6.333333333333333,379,389950724030,100,1023.4005527496338,5275.124011039734,1134.1379525661469
96,49,4.9,12,8,17,18,11,18,10,11,10,17,13,15,11,12,15,16,0,0,0,0,0,0,4.883333333333334,6.2333333333333325,0.9501048752834464,0.06233333333333334,5,5.833333333333333,0.9092517006802717,0.058333333333333334,5.75,380,761656375044,100,1087.8358471393585,6.25,0.9646173469387751,0.0625,4.0,381,397939685529,100,776.1352701187134,6.333333333333333,0.9672335600907027,0.06333333333333334,4.5,382,946348113438,100,716.9005711078644,6.416666666666667,0.9469160997732425,0.06416666666666666,5.916666666666667,383,434173966266,100,848.2132997512817,6.333333333333333,0.9625056689342399,0.06333333333333334,4.25,384,389950724030,100,772.2639377117157,4201.348925828934,1087.8506970405579
97,47,4.7,12,8,12,14,9,10,10,17,12,15,18,19,16,17,0,0,0,0,0,0,0,0,3.483333333333333,4.566666666666666,0.9478364197530862,0.04566666666666667,5,4.333333333333333,0.9270579805996472,0.043333333333333335,3.6666666666666665,385,761656375044,100,1073.7272415161133,4.666666666666667,0.956975308641975,0.04666666666666667,3.4166666666666665,386,397939685529,100,845.532799243927,4.583333333333333,0.952933201058201,0.04583333333333333,3.25,387,946348113438,100,800.350088596344,4.5,0.9391832010582007,0.045,3.0,388,434173966266,100,850.9626140594482,4.75,0.9630324074074071,0.0475,4.083333333333333,389,389950724030,100,817.6251573562622,4388.197900772095,1073.739753484726
98,36,3.6,12,8,15,17,11,12,10,11,9,16,13,15,19,20,16,17,10,11,0,0,0,0,3.633333333333333,4.4,0.9466507936507933,0.044,5,4.166666666666667,0.9414682539682537,0.041666666666666664,4.0,340,761656375044,100,967.2733368873596,4.5,0.9718998015873013,0.045,2.9166666666666665,341,397939685529,100,740.3509438037872,4.416666666666667,0.948772321428571,0.04416666666666667,3.4166666666666665,342,946348113438,100,854.6594433784485,4.416666666666667,0.9316840277777774,0.04416666666666667,4.333333333333333,343,434173966266,100,925.9644548892975,4.5,0.9394295634920631,0.045,3.5,344,389950724030,100,972.7265737056732,4460.974752664566,0.002082347869873047
99,36,3.6,12,8,15,17,11,13,10,11,9,16,19,20,16,17,10,12,0,0,0,0,0,0,3.55,4.416666666666666,0.9555402494331062,0.04416666666666666,5,4.333333333333333,0.9680555555555552,0.043333333333333335,5.583333333333333,390,761656375044,100,732.5983748435974,4.5,0.9539399092970519,0.045,2.5833333333333335,391,397939685529,100,786.4797155857086,4.333333333333333,0.9621201814058954,0.043333333333333335,3.0833333333333335,392,946348113438,100,856.2552888393402,4.5,0.950348639455782,0.045,3.1666666666666665,393,434173966266,100,874.5017170906067,4.416666666666667,0.9432369614512469,0.04416666666666667,3.3333333333333335,394,389950724030,100,882.5425431728363,4132.377639532089,882.7387742996216
100,14,1.4,12,8,17,21,10,14,12,13,10,16,11,19,15,21,14,17,0,0,0,0,0,0,3.833333333333333,5.666666666666667,0.9779169973544972,0.056666666666666664,5,5.583333333333333,0.9838971560846559,0.05583333333333333,3.75,395,761656375044,100,693.8960161209106,5.666666666666667,0.9764269179894178,0.056666666666666664,4.5,396,397939685529,100,831.9053692817688,5.666666666666667,0.9766865079365078,0.056666666666666664,2.9166666666666665,397,946348113438,100,824.258900642395,5.666666666666667,0.9705324074074072,0.056666666666666664,4.5,398,434173966266,100,721.546377658844,5.75,0.9820419973544973,0.0575,3.5,399,389950724030,100,789.8613057136536,3861.467969417572,832.1537504196167
101,47,4.7,12,8,11,12,11,12,9,10,18,21,19,21,18,19,11,15,16,17,0,0,0,0,2.9000000000000004,4.333333333333333,0.9483616898148146,0.043333333333333335,5,4.25,0.9603067129629627,0.0425,3.5833333333333335,400,761656375044,100,814.5993037223816,4.333333333333333,0.9448582175925921,0.043333333333333335,2.75,401,397939685529,100,951.8616256713867,4.333333333333333,0.9349363425925923,0.043333333333333335,2.25,402,946348113438,100,1050.2310457229614,4.333333333333333,0.9446469907407404,0.043333333333333335,2.8333333333333335,403,434173966266,100,1019.3177556991577,4.416666666666667,0.9570601851851849,0.04416666666666667,3.0833333333333335,404,389950724030,100,895.5267148017883,4731.536445617676,1050.4052135944366
102,14,1.4,12,8,17,21,10,14,12,13,19,21,19,21,18,21,10,14,14,17,0,0,0,0,2.583333333333333,4.1,0.9662303240740739,0.041,5,3.9166666666666665,0.9725839120370369,0.03916666666666667,2.3333333333333335,370,761656375044,100,858.4124863147736,4.416666666666667,0.9818894675925924,0.04416666666666667,2.75,371,397939685529,100,672.3708784580231,4.0,0.9663512731481478,0.04,2.6666666666666665,372,946348113438,100,887.2956213951111,4.083333333333333,0.9566927083333332,0.04083333333333333,3.0,373,434173966266,100,908.7218453884125,4.083333333333333,0.953634259259259,0.04083333333333333,2.1666666666666665,374,389950724030,100,1107.8771996498108,4434.678031206131,0.002114534378051758
103,14,1.4,12,8,17,21,10,14,12,13,19,21,19,21,15,21,13,17,14,17,0,0,0,0,3.15,4.633333333333333,0.9642870370370369,0.046333333333333324,5,4.5,0.9761545138888887,0.045,3.6666666666666665,405,761656375044,100,776.7723610401154,4.833333333333333,0.9773900462962961,0.04833333333333333,2.5833333333333335,406,397939685529,100,820.1428911685944,4.833333333333333,0.9672858796296293,0.04833333333333333,2.3333333333333335,407,946348113438,100,894.8885734081268,4.5,0.9510040509259259,0.045,3.4166666666666665,408,434173966266,100,1142.6425848007202,4.5,0.9496006944444442,0.045,3.75,409,389950724030,100,1198.4616227149963,4832.908033132553,1198.6743121147156
104,49,4.9,12,8,16,17,11,18,10,11,10,17,13,15,11,12,17,18,0,0,0,0,0,0,4.733333333333333,6.2333333333333325,0.9501048752834464,0.06233333333333334,5,5.833333333333333,0.9092517006802717,0.058333333333333334,6.166666666666667,410,761656375044,100,1076.4880533218384,6.25,0.9646173469387751,0.0625,4.416666666666667,411,397939685529,100,791.3476657867432,6.333333333333333,0.9672335600907027,0.06333333333333334,3.4166666666666665,412,946348113438,100,720.3374207019806,6.416666666666667,0.9469160997732425,0.06416666666666666,5.416666666666667,413,434173966266,100,838.7371959686279,6.333333333333333,0.9625056689342399,0.06333333333333334,4.25,414,389950724030,100,794.293646812439,4221.203982591629,1076.5044403076172
105,36,3.6,12,8,15,17,11,12,10,11,10,17,10,12,14,15,0,0,0,0,0,0,0,0,2.4333333333333336,3.95,0.9562169312169309,0.03949999999999999,5,3.75,0.9340178571428567,0.0375,3.3333333333333335,415,761656375044,100,939.4216728210449,4.0,0.9448247354497354,0.04,1.5833333333333333,416,397939685529,100,797.4021217823029,3.8333333333333335,0.9354398148148145,0.03833333333333333,2.3333333333333335,417,946348113438,100,851.780965089798,4.0,0.9778009259259256,0.04,2.5833333333333335,418,434173966266,100,656.494998216629,4.166666666666667,0.9890013227513225,0.041666666666666664,2.3333333333333335,419,389950724030,100,585.6162347793579,3830.7159926891327,939.439272403717
106,33,3.3,12,8,17,19,9,10,11,12,9,16,19,20,19,21,10,11,0,0,0,0,0,0,3.0,4.033333333333333,0.9552443310657592,0.04033333333333333,5,3.9166666666666665,0.972142857142857,0.03916666666666667,3.4166666666666665,420,761656375044,100,792.2181763648987,4.0,0.9492687074829929,0.04,2.75,421,397939685529,100,932.0077228546143,4.083333333333333,0.9716411564625844,0.04083333333333333,3.0833333333333335,422,946348113438,100,728.704155921936,4.0,0.936380385487528,0.04,2.75,423,434173966266,100,997.816076040268,4.166666666666667,0.946788548752834,0.041666666666666664,3.0,424,389950724030,100,871.2017076015472,4321.947838783264,998.0854504108429
107,16,1.6,12,8,14,21,11,15,12,13,16,17,19,21,12,20,14,15,13,17,14,17,0,0,3.8,5.8,0.9488767269253378,0.057999999999999996,5,5.666666666666667,0.9650319664902995,0.056666666666666664,4.083333333333333,425,761656375044,100,873.1412360668182,5.583333333333333,0.9291290049970604,0.05583333333333333,4.333333333333333,426,397939685529,100,1396.397759437561,5.916666666666667,0.9388653733098175,0.059166666666666666,3.8333333333333335,427,946348113438,100,1012.0012230873108,6.0,0.9595419973544972,0.06,3.1666666666666665,428,434173966266,100,1022.6393642425537,5.833333333333333,0.9518152924750145,0.058333333333333334,3.5833333333333335,429,389950724030,100,1066.3755259513855,5370.555108785629,1396.6450691223145
108,47,4.7,12,9,12,14,9,10,10,17,12,15,18,19,16,17,0,0,0,0,0,0,0,0,3.483333333333333,4.566666666666666,0.9478364197530862,0.04566666666666667,5,4.333333333333333,0.9270579805996472,0.043333333333333335,3.6666666666666665,385,761656375044,100,1073.7272415161133,4.666666666666667,0.956975308641975,0.04666666666666667,3.4166666666666665,386,397939685529,100,845.532799243927,4.583333333333333,0.952933201058201,0.04583333333333333,3.25,387,946348113438,100,800.350088596344,4.5,0.9391832010582007,0.045,3.0,388,434173966266,100,850.9626140594482,4.75,0.9630324074074071,0.0475,4.083333333333333,389,389950724030,100,817.6251573562622,4388.197900772095,0.002214670181274414
109,36,3.6,12,9,15,17,11,12,10,11,9,16,12,13,19,20,16,17,0,0,0,0,0,0,2.416666666666667,3.883333333333333,0.9523786848072557,0.03883333333333334,5,3.6666666666666665,0.9722250566893421,0.03666666666666667,2.3333333333333335,430,761656375044,100,717.5321877002716,3.9166666666666665,0.9403117913832195,0.03916666666666667,2.0,431,397939685529,100,813.3591275215149,3.9166666666666665,0.9655442176870743,0.03916666666666667,2.3333333333333335,432,946348113438,100,756.1110916137695,3.9166666666666665,0.9351615646258499,0.03916666666666667,3.1666666666666665,433,434173966266,100,838.5999109745026,4.0,0.9486507936507932,0.04,2.25,434,389950724030,100,849.2741153240204,3974.876433134079,849.9004745483398
110,36,3.6,12,9,15,17,11,12,10,11,10,17,10,12,14,15,0,0,0,0,0,0,0,0,2.4333333333333336,3.95,0.9562169312169309,0.03949999999999999,5,3.75,0.9340178571428567,0.0375,3.3333333333333335,415,761656375044,100,939.4216728210449,4.0,0.9448247354497354,0.04,1.5833333333333333,416,397939685529,100,797.4021217823029,3.8333333333333335,0.9354398148148145,0.03833333333333333,2.3333333333333335,417,946348113438,100,851.780965089798,4.0,0.9778009259259256,0.04,2.5833333333333335,418,434173966266,100,656.494998216629,4.166666666666667,0.9890013227513225,0.041666666666666664,2.3333333333333335,419,389950724030,100,585.6162347793579,3830.7159926891327,0.0020399093627929688
111,36,3.6,12,9,15,17,11,12,10,11,10,17,10,12,14,15,0,0,0,0,0,0,0,0,2.4333333333333336,3.95,0.9562169312169309,0.03949999999999999,5,3.75,0.9340178571428567,0.0375,3.3333333333333335,415,761656375044,100,939.4216728210449,4.0,0.9448247354497354,0.04,1.5833333333333333,416,397939685529,100,797.4021217823029,3.8333333333333335,0.9354398148148145,0.03833333333333333,2.3333333333333335,417,946348113438,100,851.780965089798,4.0,0.9778009259259256,0.04,2.5833333333333335,418,434173966266,100,656.494998216629,4.166666666666667,0.9890013227513225,0.041666666666666664,2.3333333333333335,419,389950724030,100,585.6162347793579,3830.7159926891327,0.0016143321990966797
112,33,3.3,12,9,11,13,9,10,10,11,9,16,18,20,19,21,9,10,0,0,0,0,0,0,3.4166666666666665,4.283333333333333,0.9571570294784577,0.042833333333333334,5,4.083333333333333,0.9575935374149659,0.04083333333333333,4.0,435,761656375044,100,912.0565872192383,4.416666666666667,0.9628061224489792,0.04416666666666667,3.25,436,397939685529,100,830.879367351532,4.25,0.9614399092970517,0.0425,2.4166666666666665,437,946348113438,100,888.8253302574158,4.333333333333333,0.9550085034013602,0.043333333333333335,3.8333333333333335,438,434173966266,100,854.309091091156,4.333333333333333,0.9489370748299316,0.043333333333333335,3.5833333333333335,439,389950724030,100,878.6308007240295,4364.701176643372,912.0705616474152
113,47,4.7,12,9,17,19,11,12,9,10,9,16,16,17,0,0,0,0,0,0,0,0,0,0,2.9333333333333336,3.6166666666666663,0.9503952380952377,0.036166666666666666,5,3.5833333333333335,0.9404246031746026,0.035833333333333335,3.8333333333333335,440,761656375044,100,743.5643911361694,3.6666666666666665,0.9431944444444438,0.03666666666666667,2.3333333333333335,441,397939685529,100,803.486469745636,3.6666666666666665,0.9713809523809523,0.03666666666666667,2.4166666666666665,442,946348113438,100,727.2604358196259,3.5,0.9439126984126979,0.035,3.25,443,434173966266,100,847.2451333999634,3.6666666666666665,0.9530634920634917,0.03666666666666667,2.8333333333333335,444,389950724030,100,801.7117159366608,3923.2681460380554,847.4794838428497
114,47,4.7,12,9,14,16,11,12,9,10,10,17,12,14,18,19,16,17,0,0,0,0,0,0,3.1166666666666663,4.583333333333334,0.9441649659863941,0.04583333333333334,5,4.333333333333333,0.9210034013605438,0.043333333333333335,2.6666666666666665,445,761656375044,100,995.708108663559,4.583333333333333,0.944895124716553,0.04583333333333333,2.75,446,397939685529,100,964.4243855476379,4.583333333333333,0.9467063492063489,0.04583333333333333,3.3333333333333335,447,946348113438,100,886.5007417201996,4.666666666666667,0.9546371882086164,0.04666666666666667,4.083333333333333,448,434173966266,100,881.5946147441864,4.75,0.9535827664399088,0.0475,2.75,449,389950724030,100,821.9217939376831,4550.149644613266,995.7253611087799
115,36,3.6,12,9,12,14,11,12,9,10,10,17,10,12,14,15,0,0,0,0,0,0,0,0,2.7500000000000004,3.9333333333333327,0.9588465608465604,0.03933333333333333,5,3.75,0.9378207671957667,0.0375,3.0833333333333335,450,761656375044,100,921.7486941814423,3.9166666666666665,0.9457010582010579,0.03916666666666667,2.5833333333333335,451,397939685529,100,877.9620063304901,3.9166666666666665,0.9468518518518515,0.03916666666666667,2.5,452,946348113438,100,830.9936771392822,3.9166666666666665,0.9772089947089944,0.03916666666666667,3.3333333333333335,453,434173966266,100,725.6077818870544,4.166666666666667,0.9866501322751318,0.041666666666666664,2.25,454,389950724030,100,635.9027149677277,3992.2148745059967,921.7652566432953
116,23,2.3,12,9,14,15,11,13,10,11,9,16,13,15,19,20,16,17,0,0,0,0,0,0,2.3,3.3833333333333337,0.9348469387755098,0.03383333333333333,5,3.0833333333333335,0.951068594104308,0.030833333333333334,3.5,455,761656375044,100,886.2835552692413,3.3333333333333335,0.9336366213151924,0.03333333333333333,2.5,456,397939685529,100,1001.7010161876678,3.5,0.9191128117913829,0.035,1.5833333333333333,457,946348113438,100,1081.7871766090393,3.4166666666666665,0.9364257369614509,0.034166666666666665,2.0833333333333335,458,434173966266,100,1006.965927362442,3.5833333333333335,0.9339909297052152,0.035833333333333335,1.8333333333333333,459,389950724030,100,967.2109820842743,4943.948657512665,1082.093611240387
117,47,4.7,12,9,11,12,11,12,9,10,17,21,19,21,18,19,11,14,16,17,0,0,0,0,2.7833333333333337,4.316666666666666,0.9470561342592589,0.043166666666666666,5,4.166666666666667,0.9550665509259256,0.041666666666666664,3.5,460,761656375044,100,888.2887370586395,4.333333333333333,0.9455237268518515,0.043333333333333335,2.8333333333333335,461,397939685529,100,982.8997845649719,4.333333333333333,0.9410821759259257,0.043333333333333335,2.3333333333333335,462,946348113438,100,1002.7557301521301,4.333333333333333,0.9370081018518516,0.043333333333333335,2.6666666666666665,463,434173966266,100,1067.1110966205597,4.416666666666667,0.9566001157407404,0.04416666666666667,2.5833333333333335,464,389950724030,100,873.8321816921234,4814.887530088425,1067.3440561294556
118,36,3.6,12,9,15,17,13,14,10,11,9,16,13,15,17,18,16,17,10,11,0,0,0,0,3.1500000000000004,4.4,0.9466507936507933,0.044,5,4.166666666666667,0.9414682539682537,0.041666666666666664,4.166666666666667,465,761656375044,100,969.8751494884491,4.5,0.9718998015873013,0.045,1.9166666666666667,466,397939685529,100,734.7627387046814,4.416666666666667,0.948772321428571,0.04416666666666667,3.5833333333333335,467,946348113438,100,882.988142490387,4.416666666666667,0.9316840277777774,0.04416666666666667,3.3333333333333335,468,434173966266,100,956.5047631263733,4.5,0.9394295634920631,0.045,2.75,469,389950724030,100,970.2014770507812,4514.332270860672,970.4122867584229
119,36,3.6,12,9,15,17,11,12,10,11,9,16,13,15,19,20,16,17,10,11,0,0,0,0,3.633333333333333,4.4,0.9466507936507933,0.044,5,4.166666666666667,0.9414682539682537,0.041666666666666664,4.0,340,761656375044,100,967.2733368873596,4.5,0.9718998015873013,0.045,2.9166666666666665,341,397939685529,100,740.3509438037872,4.416666666666667,0.948772321428571,0.04416666666666667,3.4166666666666665,342,946348113438,100,854.6594433784485,4.416666666666667,0.9316840277777774,0.04416666666666667,4.333333333333333,343,434173966266,100,925.9644548892975,4.5,0.9394295634920631,0.045,3.5,344,389950724030,100,972.7265737056732,4460.974752664566,0.0020570755004882812
120,23,2.3,12,10,14,15,11,13,10,11,9,16,13,15,19,20,16,17,0,0,0,0,0,0,2.3,3.3833333333333337,0.9348469387755098,0.03383333333333333,5,3.0833333333333335,0.951068594104308,0.030833333333333334,3.5,455,761656375044,100,886.2835552692413,3.3333333333333335,0.9336366213151924,0.03333333333333333,2.5,456,397939685529,100,1001.7010161876678,3.5,0.9191128117913829,0.035,1.5833333333333333,457,946348113438,100,1081.7871766090393,3.4166666666666665,0.9364257369614509,0.034166666666666665,2.0833333333333335,458,434173966266,100,1006.965927362442,3.5833333333333335,0.9339909297052152,0.035833333333333335,1.8333333333333333,459,389950724030,100,967.2109820842743,4943.948657512665,0.001810312271118164
121,23,2.3,12,10,14,15,11,13,10,11,9,16,13,15,19,20,16,17,0,0,0,0,0,0,2.3,3.3833333333333337,0.9348469387755098,0.03383333333333333,5,3.0833333333333335,0.951068594104308,0.030833333333333334,3.5,455,761656375044,100,886.2835552692413,3.3333333333333335,0.9336366213151924,0.03333333333333333,2.5,456,397939685529,100,1001.7010161876678,3.5,0.9191128117913829,0.035,1.5833333333333333,457,946348113438,100,1081.7871766090393,3.4166666666666665,0.9364257369614509,0.034166666666666665,2.0833333333333335,458,434173966266,100,1006.965927362442,3.5833333333333335,0.9339909297052152,0.035833333333333335,1.8333333333333333,459,389950724030,100,967.2109820842743,4943.948657512665,0.0016171932220458984
122,36,3.6,12,10,14,16,11,12,10,11,9,16,13,15,19,20,16,17,0,0,0,0,0,0,3.1333333333333333,4.2,0.9505453514739225,0.042,5,4.083333333333333,0.9655924036281175,0.04083333333333333,3.5,470,761656375044,100,739.0154092311859,4.25,0.9446173469387752,0.0425,2.5833333333333335,471,397939685529,100,843.8903675079346,4.166666666666667,0.953880385487528,0.041666666666666664,2.9166666666666665,472,946348113438,100,842.680641412735,4.25,0.9410827664399088,0.0425,2.6666666666666665,473,434173966266,100,864.4035325050354,4.25,0.9475538548752829,0.0425,4.0,474,389950724030,100,839.3383967876434,4129.328347444534,864.6000235080719
123,47,4.7,12,10,12,14,11,12,9,10,10,17,12,14,18,19,16,17,0,0,0,0,0,0,3.183333333333333,4.583333333333334,0.9449699546485257,0.04583333333333333,5,4.333333333333333,0.9213066893424032,0.043333333333333335,3.3333333333333335,350,761656375044,100,968.2147760391235,4.666666666666667,0.9526870748299316,0.04666666666666667,3.0833333333333335,351,397939685529,100,892.1046042442322,4.583333333333333,0.9481009070294781,0.04583333333333333,2.3333333333333335,352,946348113438,100,854.1609663963318,4.666666666666667,0.9518820861678001,0.04666666666666667,4.0,353,434173966266,100,855.096795797348,4.666666666666667,0.9508730158730154,0.04666666666666667,3.1666666666666665,354,389950724030,100,920.9657826423645,4490.5429251194,0.0015482902526855469
124,23,2.3,12,10,15,17,11,13,10,11,9,16,13,15,19,20,16,17,0,0,0,0,0,0,2.6333333333333337,3.633333333333333,0.9412046485260767,0.036333333333333336,5,3.5,0.9451587301587298,0.035,2.4166666666666665,475,761656375044,100,947.6306490898132,3.5833333333333335,0.9408531746031743,0.035833333333333335,2.75,476,397939685529,100,993.5533728599548,3.6666666666666665,0.9402012471655327,0.03666666666666667,3.0833333333333335,477,946348113438,100,992.4574768543243,3.6666666666666665,0.9466751700680269,0.03666666666666667,2.5833333333333335,478,434173966266,100,898.6225123405457,3.75,0.9331349206349203,0.0375,2.3333333333333335,479,389950724030,100,959.3480484485626,4791.612059593201,993.803911447525
125,35,3.5,12,10,11,12,10,11,9,16,19,20,16,17,0,0,0,0,0,0,0,0,0,0,2.183333333333333,2.933333333333333,0.9469936507936503,0.029333333333333333,5,2.9166666666666665,0.9476587301587298,0.029166666666666667,2.9166666666666665,480,761656375044,100,727.5707404613495,2.9166666666666665,0.9776428571428564,0.029166666666666667,2.0,481,397939685529,100,604.529819726944,2.9166666666666665,0.9615079365079362,0.029166666666666667,2.5,482,946348113438,100,636.9087660312653,3.0,0.9629365079365073,0.03,1.75,483,434173966266,100,728.225560426712,2.9166666666666665,0.8852222222222219,0.029166666666666667,1.75,484,389950724030,100,860.1493835449219,3557.3842701911926,860.4123408794403
126,47,4.7,12,10,17,19,11,12,9,10,9,16,16,17,0,0,0,0,0,0,0,0,0,0,2.9333333333333336,3.6166666666666663,0.9503952380952377,0.036166666666666666,5,3.5833333333333335,0.9404246031746026,0.035833333333333335,3.8333333333333335,440,761656375044,100,743.5643911361694,3.6666666666666665,0.9431944444444438,0.03666666666666667,2.3333333333333335,441,397939685529,100,803.486469745636,3.6666666666666665,0.9713809523809523,0.03666666666666667,2.4166666666666665,442,946348113438,100,727.2604358196259,3.5,0.9439126984126979,0.035,3.25,443,434173966266,100,847.2451333999634,3.6666666666666665,0.9530634920634917,0.03666666666666667,2.8333333333333335,444,389950724030,100,801.7117159366608,3923.2681460380554,0.0019791126251220703
127,47,4.7,12,10,12,14,11,12,9,10,10,17,12,14,16,17,0,0,0,0,0,0,0,0,3.4,4.366666666666666,0.9562301587301585,0.04366666666666667,5,4.25,0.963171296296296,0.0425,4.083333333333333,485,761656375044,100,773.8505780696869,4.416666666666667,0.9514682539682534,0.04416666666666667,2.75,486,397939685529,100,798.8277163505554,4.333333333333333,0.9503306878306876,0.043333333333333335,3.1666666666666665,487,946348113438,100,809.7033221721649,4.25,0.9572387566137563,0.0425,3.25,488,434173966266,100,815.9901585578918,4.583333333333333,0.9589417989417987,0.04583333333333333,3.75,489,389950724030,100,786.262983083725,3984.634758234024,816.2504532337189
128,47,4.7,12,10,13,15,11,12,9,10,10,17,12,14,18,19,16,17,0,0,0,0,0,0,3.25,4.583333333333334,0.944724489795918,0.04583333333333334,5,4.333333333333333,0.9211082766439906,0.043333333333333335,3.5833333333333335,490,761656375044,100,958.6719501018524,4.583333333333333,0.944895124716553,0.04583333333333333,2.9166666666666665,491,397939685529,100,934.5649034976959,4.583333333333333,0.9467063492063489,0.04583333333333333,3.0,492,946348113438,100,861.2044906616211,4.666666666666667,0.9573299319727887,0.04666666666666667,4.25,493,434173966266,100,830.2568664550781,4.75,0.9535827664399088,0.0475,2.5,494,389950724030,100,794.3876180648804,4379.085828781128,958.6965217590332
129,47,4.7,12,10,12,14,11,12,9,10,10,17,12,14,18,19,16,18,0,0,0,0,0,0,3.3333333333333335,4.883333333333334,0.9535765306122446,0.04883333333333334,5,4.666666666666667,0.9386507936507933,0.04666666666666667,3.5,495,761656375044,100,972.0233492851257,5.0,0.954923469387755,0.05,2.75,496,397939685529,100,893.0094320774078,4.916666666666667,0.951221655328798,0.049166666666666664,3.3333333333333335,497,946348113438,100,887.5362241268158,4.833333333333333,0.9586196145124715,0.04833333333333333,3.9166666666666665,498,434173966266,100,860.2563915252686,5.0,0.9644671201814053,0.05,3.1666666666666665,499,389950724030,100,817.9544150829315,4430.779812097549,972.0374040603638
130,43,4.3,12,10,11,12,10,11,9,16,12,13,19,20,16,17,0,0,0,0,0,0,0,0,2.6333333333333333,3.6,0.9461587301587295,0.036,5,3.5,0.9622817460317453,0.035,3.4166666666666665,500,761656375044,100,713.2594676017761,3.5833333333333335,0.9553240740740736,0.035833333333333335,2.5,501,397939685529,100,698.1006689071655,3.5833333333333335,0.9220634920634915,0.035833333333333335,2.1666666666666665,502,946348113438,100,808.2789142131805,3.5833333333333335,0.933875661375661,0.035833333333333335,2.75,503,434173966266,100,782.0915076732635,3.75,0.9572486772486765,0.0375,2.3333333333333335,504,389950724030,100,789.9633631706238,3791.6939215660095,808.494713306427
131,22,2.2,12,10,14,16,11,12,10,11,9,16,13,14,19,20,16,17,0,0,0,0,0,0,1.9333333333333331,3.0999999999999996,0.9291422902494327,0.031,5,2.9166666666666665,0.9141184807256232,0.029166666666666667,2.3333333333333335,505,761656375044,100,1062.5685904026031,3.0,0.9179733560090698,0.03,1.75,506,397939685529,100,1082.1722559928894,3.1666666666666665,0.9405413832199541,0.03166666666666667,1.75,507,946348113438,100,863.0694780349731,3.25,0.9479790249433101,0.0325,2.4166666666666665,508,434173966266,100,879.4773573875427,3.1666666666666665,0.925099206349206,0.03166666666666667,1.4166666666666667,509,389950724030,100,1010.7502055168152,4898.037887334824,1082.3832943439484
