,num_robots,robot_speed,robot_speed_kmh,simulation_duration,generation,num_risks,num_delivered,utilization_rate,delivery_rate,simulations,num_delivered_0,utilization_rate_0,delivery_rate_0,num_risks_0,unique_id_0,seed_0,requests_per_hour_0,execution_time_0,num_delivered_1,utilization_rate_1,delivery_rate_1,num_risks_1,unique_id_1,seed_1,requests_per_hour_1,execution_time_1,num_delivered_2,utilization_rate_2,delivery_rate_2,num_risks_2,unique_id_2,seed_2,requests_per_hour_2,execution_time_2,num_delivered_3,utilization_rate_3,delivery_rate_3,num_risks_3,unique_id_3,seed_3,requests_per_hour_3,execution_time_3,num_delivered_4,utilization_rate_4,delivery_rate_4,num_risks_4,unique_id_4,seed_4,requests_per_hour_4,execution_time_4,sequential_execution_time,execution_time
0,7,69,6.9,5,0,22.0,29.2,0.9737650793650794,0.292,5,28.6,0.9707460317460318,0.286,23.2,0,119586514258,100,276.3514063358307,30.0,0.9805873015873016,0.3,22.0,1,922485741825,100,220.7381556034088,29.2,0.9808571428571428,0.292,22.2,2,886535215268,100,224.11686182022095,29.2,0.9678095238095239,0.292,22.0,3,312248258909,100,309.5612823963165,29.0,0.9688253968253967,0.29,20.6,4,897057706678,100,303.02025866508484,1333.7879648208618,310.01586532592773
1,4,31,3.1,5,0,10.0,12.080000000000002,0.9754861111111112,0.12079999999999999,5,12.0,0.9719861111111111,0.12,10.0,5,119586514258,100,192.27050828933716,12.2,0.9869722222222223,0.122,9.0,6,922485741825,100,131.51407384872437,12.0,0.9675972222222222,0.12,10.2,7,886535215268,100,214.08268547058105,12.4,0.9754999999999999,0.124,8.4,8,312248258909,100,191.54306197166443,11.8,0.9753750000000001,0.118,12.4,9,897057706678,100,182.95721125602722,912.3675408363342,214.35447692871094
2,6,32,3.2,5,0,14.88,18.76,0.9754111111111111,0.1876,5,18.4,0.9816759259259259,0.184,14.4,10,119586514258,100,241.16828656196594,18.6,0.9616759259259259,0.186,13.2,11,922485741825,100,351.6930260658264,18.6,0.9708796296296298,0.186,13.2,12,886535215268,100,315.51605010032654,18.8,0.9754722222222223,0.188,15.6,13,312248258909,100,262.42210626602173,19.4,0.9873518518518519,0.194,18.0,14,897057706678,100,186.00710940361023,1356.8065783977509,351.85143995285034
3,2,64,6.4,5,0,6.640000000000001,8.12,0.979411111111111,0.08120000000000001,5,8.4,0.9783888888888888,0.084,5.2,15,119586514258,100,80.84086203575134,8.0,0.9853333333333334,0.08,7.4,16,922485741825,100,57.44968795776367,8.0,0.9860277777777777,0.08,9.0,17,886535215268,100,64.11580538749695,8.0,0.9755277777777778,0.08,6.0,18,312248258909,100,89.98897051811218,8.2,0.9717777777777779,0.082,5.6,19,897057706678,100,101.38756585121155,393.7828917503357,101.64372992515564
4,5,12,1.2,5,0,6.6,9.48,0.9684533333333333,0.0948,5,9.4,0.9697444444444445,0.094,6.2,20,119586514258,100,299.59694814682007,10.0,0.9633333333333333,0.1,7.6,21,922485741825,100,337.21114134788513,9.6,0.9797333333333332,0.096,7.6,22,886535215268,100,224.61862659454346,9.0,0.9594777777777779,0.09,6.2,23,312248258909,100,375.2537009716034,9.4,0.9699777777777776,0.094,5.4,24,897057706678,100,305.2401511669159,1541.920568227768,375.4065365791321
5,5,159,15.9,5,0,18.8,24.96,0.9776555555555557,0.2496,5,25.0,0.9834666666666667,0.25,19.6,25,119586514258,100,116.41438460350037,25.0,0.972088888888889,0.25,16.0,26,922485741825,100,174.68170475959778,25.0,0.9769777777777777,0.25,18.2,27,886535215268,100,155.9511697292328,24.8,0.9724999999999999,0.248,22.0,28,312248258909,100,172.60657286643982,25.0,0.9832444444444445,0.25,18.2,29,897057706678,100,126.88624739646912,746.5400793552399,174.96821212768555
6,3,169,16.9,5,0,12.680000000000001,15.0,0.9740148148148148,0.15,5,15.0,0.9715925925925926,0.15,12.8,30,119586514258,100,122.30866765975952,15.0,0.9763333333333333,0.15,13.4,31,922485741825,100,106.1986825466156,15.0,0.9792222222222223,0.15,15.4,32,886535215268,100,90.73578190803528,15.0,0.9677592592592591,0.15,8.0,33,312248258909,100,123.47994875907898,15.0,0.9751666666666668,0.15,13.8,34,897057706678,100,114.33099341392517,557.0540742874146,123.63380312919617
7,4,103,10.3,5,0,14.6,18.4,0.9827861111111111,0.184,5,18.4,0.9880833333333334,0.184,14.0,35,119586514258,100,103.08198523521423,18.4,0.9758055555555556,0.184,15.8,36,922485741825,100,140.81323909759521,18.4,0.9846111111111111,0.184,13.8,37,886535215268,100,114.07030296325684,18.6,0.9834583333333333,0.186,12.8,38,312248258909,100,125.40790128707886,18.2,0.9819722222222222,0.182,16.6,39,897057706678,100,130.83390522003174,614.2073338031769,140.96137690544128
8,2,19,1.9,5,0,3.44,4.880000000000001,0.9740333333333334,0.048799999999999996,5,5.4,0.9835277777777778,0.054,3.0,40,119586514258,100,90.52488017082214,4.4,0.9421388888888889,0.044,4.4,41,922485741825,100,198.41147828102112,4.8,0.978388888888889,0.048,4.6,42,886535215268,100,110.00939512252808,4.6,0.9892222222222222,0.046,3.4,43,312248258909,100,73.54405283927917,5.2,0.9768888888888889,0.052,1.8,44,897057706678,100,110.39671754837036,582.8865239620209,198.6362659931183
9,5,27,2.7,5,0,10.2,14.719999999999999,0.9707266666666667,0.1472,5,14.8,0.9690555555555557,0.148,10.0,45,119586514258,100,276.2177610397339,14.4,0.9675444444444444,0.144,10.8,46,922485741825,100,281.7817554473877,14.8,0.9757333333333333,0.148,9.4,47,886535215268,100,226.18669295310974,15.0,0.9645222222222222,0.15,9.0,48,312248258909,100,284.73701095581055,14.6,0.9767777777777777,0.146,11.8,49,897057706678,100,233.0593822002411,1301.982602596283,284.75938630104065
10,4,156,15.6,5,0,16.759999999999998,19.919999999999998,0.9819333333333333,0.1992,5,19.8,0.9838472222222223,0.198,19.4,50,119586514258,100,93.17104625701904,20.0,0.9805555555555556,0.2,16.8,51,922485741825,100,112.75356554985046,20.0,0.9858611111111111,0.2,17.4,52,886535215268,100,92.13229370117188,19.8,0.9760694444444443,0.198,14.0,53,312248258909,100,136.82406187057495,20.0,0.9833333333333334,0.2,16.2,54,897057706678,100,94.61476850509644,529.4957358837128,137.21819376945496
11,6,38,3.8,5,0,16.08,20.28,0.9810222222222225,0.2028,5,19.8,0.9800555555555558,0.198,17.6,55,119586514258,100,232.2146351337433,20.8,0.9823055555555555,0.208,13.4,56,922485741825,100,207.27189755439758,20.4,0.9746111111111112,0.204,14.8,57,886535215268,100,262.1423091888428,20.2,0.9878703703703705,0.202,16.4,58,312248258909,100,188.42747473716736,20.2,0.9802685185185186,0.202,18.2,59,897057706678,100,234.13621616363525,1124.1925327777863,262.15201449394226
12,2,68,6.8,5,1,7.76,8.239999999999998,0.9761333333333333,0.0824,5,8.6,0.9835277777777778,0.086,6.4,60,119586514258,100,73.73061227798462,8.2,0.9692222222222222,0.082,8.0,61,922485741825,100,104.93659663200378,8.0,0.9746388888888888,0.08,10.0,62,886535215268,100,97.14598250389099,8.0,0.9784444444444444,0.08,7.0,63,312248258909,100,92.93531799316406,8.4,0.9748333333333332,0.084,7.4,64,897057706678,100,95.67689299583435,464.4254024028778,105.21635627746582
13,2,161,16.1,5,1,8.6,9.959999999999999,0.9809222222222221,0.0996,5,10.0,0.9727777777777777,0.1,6.6,65,119586514258,100,87.20873355865479,10.0,0.9836388888888887,0.1,8.8,66,922485741825,100,64.64244031906128,10.0,0.9916944444444444,0.1,9.0,67,886535215268,100,39.876028537750244,9.8,0.9755833333333332,0.098,7.8,68,312248258909,100,85.92003870010376,10.0,0.9809166666666667,0.1,10.8,69,897057706678,100,68.03906416893005,345.6863052845001,87.21497988700867
14,6,28,2.8,5,1,13.6,17.8,0.9739592592592592,0.178,5,17.4,0.9760092592592593,0.174,16.0,70,119586514258,100,284.1718339920044,18.0,0.9765648148148146,0.18,12.8,71,922485741825,100,261.3522517681122,17.6,0.9669259259259259,0.176,13.0,72,886535215268,100,325.67418217658997,17.8,0.9746296296296296,0.178,13.4,73,312248258909,100,275.14499020576477,18.2,0.9756666666666667,0.182,12.8,74,897057706678,100,259.8075621128082,1406.1508202552795,325.8307399749756
15,2,52,5.2,5,1,5.68,7.68,0.9793499999999999,0.07680000000000001,5,8.0,0.9807222222222223,0.08,4.2,75,119586514258,100,71.6710433959961,7.6,0.9849166666666667,0.076,7.0,76,922485741825,100,72.81625890731812,7.4,0.9844722222222222,0.074,5.6,77,886535215268,100,73.62488341331482,7.6,0.96725,0.076,5.8,78,312248258909,100,109.20992279052734,7.8,0.9793888888888889,0.078,5.8,79,897057706678,100,89.87828993797302,417.2003984451294,109.47235321998596
16,3,101,10.1,5,1,10.64,13.719999999999999,0.9779518518518518,0.13720000000000002,5,13.8,0.9855925925925927,0.138,10.0,80,119586514258,100,92.84244990348816,13.6,0.9665555555555555,0.136,9.4,81,922485741825,100,151.64625430107117,13.6,0.9806111111111111,0.136,13.6,82,886535215268,100,102.30581784248352,14.0,0.9809259259259259,0.14,8.4,83,312248258909,100,101.8343825340271,13.6,0.9760740740740741,0.136,11.8,84,897057706678,100,120.2077989578247,568.8367035388947,151.80935192108154
17,5,12,1.2,5,1,6.6,9.48,0.9684533333333333,0.0948,5,9.4,0.9697444444444445,0.094,6.2,20,119586514258,100,299.59694814682007,10.0,0.9633333333333333,0.1,7.6,21,922485741825,100,337.21114134788513,9.6,0.9797333333333332,0.096,7.6,22,886535215268,100,224.61862659454346,9.0,0.9594777777777779,0.09,6.2,23,312248258909,100,375.2537009716034,9.4,0.9699777777777776,0.094,5.4,24,897057706678,100,305.2401511669159,1541.920568227768,0.0012943744659423828
18,4,27,2.7,5,1,9.6,11.479999999999999,0.9823083333333333,0.11479999999999999,5,11.6,0.9800972222222222,0.116,8.6,85,119586514258,100,150.2094099521637,11.8,0.9880555555555555,0.118,9.2,86,922485741825,100,133.4917974472046,11.2,0.9860000000000001,0.112,11.2,87,886535215268,100,147.52929544448853,11.6,0.9832500000000001,0.116,8.8,88,312248258909,100,169.45910573005676,11.2,0.9741388888888889,0.112,10.2,89,897057706678,100,197.19616508483887,797.8857736587524,197.3496856689453
19,5,30,3.0,5,1,12.16,15.239999999999998,0.9707399999999999,0.1524,5,15.6,0.9784555555555556,0.156,12.8,90,119586514258,100,201.51482105255127,15.2,0.9730888888888888,0.152,12.0,91,922485741825,100,240.8199441432953,15.0,0.9711444444444444,0.15,11.8,92,886535215268,100,256.9591646194458,15.4,0.9544,0.154,11.4,93,312248258909,100,331.9118814468384,15.0,0.976611111111111,0.15,12.8,94,897057706678,100,214.9487407207489,1246.1545519828796,332.161119222641
20,4,31,3.1,5,1,10.0,12.080000000000002,0.9754861111111112,0.12079999999999999,5,12.0,0.9719861111111111,0.12,10.0,5,119586514258,100,192.27050828933716,12.2,0.9869722222222223,0.122,9.0,6,922485741825,100,131.51407384872437,12.0,0.9675972222222222,0.12,10.2,7,886535215268,100,214.08268547058105,12.4,0.9754999999999999,0.124,8.4,8,312248258909,100,191.54306197166443,11.8,0.9753750000000001,0.118,12.4,9,897057706678,100,182.95721125602722,912.3675408363342,0.0013811588287353516
21,2,66,6.6,5,1,6.24,8.16,0.9736388888888889,0.0816,5,8.4,0.9750277777777777,0.084,6.0,95,119586514258,100,91.59016537666321,8.0,0.9514166666666667,0.08,6.6,96,922485741825,100,136.38107705116272,8.0,0.9809166666666667,0.08,7.2,97,886535215268,100,69.243971824646,8.0,0.9811666666666667,0.08,6.4,98,312248258909,100,73.45692706108093,8.4,0.9796666666666667,0.084,5.0,99,897057706678,100,79.95379281044006,450.6259341239929,136.62195897102356
22,6,31,3.1,5,1,12.84,18.560000000000002,0.9758833333333333,0.1856,5,18.6,0.9804166666666667,0.186,12.4,100,119586514258,100,228.04955124855042,18.6,0.9693148148148149,0.186,11.2,101,922485741825,100,295.3378641605377,18.6,0.9808333333333333,0.186,14.8,102,886535215268,100,220.5770332813263,18.6,0.978074074074074,0.186,11.0,103,312248258909,100,247.588969707489,18.4,0.9707777777777777,0.184,14.8,104,897057706678,100,281.8573405742645,1273.410758972168,295.47600650787354
23,5,27,2.7,5,1,10.2,14.719999999999999,0.9707266666666667,0.1472,5,14.8,0.9690555555555557,0.148,10.0,45,119586514258,100,276.2177610397339,14.4,0.9675444444444444,0.144,10.8,46,922485741825,100,281.7817554473877,14.8,0.9757333333333333,0.148,9.4,47,886535215268,100,226.18669295310974,15.0,0.9645222222222222,0.15,9.0,48,312248258909,100,284.73701095581055,14.6,0.9767777777777777,0.146,11.8,49,897057706678,100,233.0593822002411,1301.982602596283,0.0012803077697753906
24,1,10,1.0,5,2,1.04,1.56,0.9705,0.0156,5,1.0,0.9091666666666668,0.01,0.4,105,119586514258,100,164.5809075832367,1.6,0.9713333333333334,0.016,0.6,106,922485741825,100,74.85714936256409,1.8,0.9901666666666666,0.018,1.2,107,886535215268,100,52.45743250846863,2.0,0.9906666666666668,0.02,1.2,108,312248258909,100,41.68019199371338,1.4,0.9911666666666666,0.014,1.8,109,897057706678,100,51.608519554138184,385.184201002121,164.58753752708435
25,5,19,1.9,5,2,9.16,12.16,0.9758044444444446,0.1216,5,12.4,0.9860222222222221,0.124,8.2,110,119586514258,100,180.0171778202057,12.0,0.9639666666666669,0.12,9.0,111,922485741825,100,317.7614858150482,12.2,0.9788,0.122,10.4,112,886535215268,100,235.3522047996521,12.2,0.9802222222222223,0.122,8.4,113,312248258909,100,220.9978437423706,12.0,0.9700111111111112,0.12,9.8,114,897057706678,100,278.7057478427887,1232.8344600200653,317.9137580394745
26,4,26,2.6,5,2,8.48,11.4,0.9850749999999999,0.11399999999999999,5,11.8,0.9867083333333333,0.118,9.2,115,119586514258,100,129.19019865989685,11.4,0.9849444444444444,0.114,9.2,116,922485741825,100,155.45519709587097,11.2,0.9905555555555554,0.112,7.6,117,886535215268,100,135.13409566879272,11.4,0.9764166666666666,0.114,7.4,118,312248258909,100,201.7122278213501,11.2,0.98675,0.112,9.0,119,897057706678,100,142.8296570777893,764.3213763237,202.000146150589
27,5,27,2.7,5,2,10.2,14.719999999999999,0.9707266666666667,0.1472,5,14.8,0.9690555555555557,0.148,10.0,45,119586514258,100,276.2177610397339,14.4,0.9675444444444444,0.144,10.8,46,922485741825,100,281.7817554473877,14.8,0.9757333333333333,0.148,9.4,47,886535215268,100,226.18669295310974,15.0,0.9645222222222222,0.15,9.0,48,312248258909,100,284.73701095581055,14.6,0.9767777777777777,0.146,11.8,49,897057706678,100,233.0593822002411,1301.982602596283,0.0007817745208740234
28,5,23,2.3,5,2,10.440000000000001,13.6,0.9780333333333333,0.136,5,13.8,0.9824666666666666,0.138,8.2,120,119586514258,100,188.11916136741638,13.6,0.9735111111111111,0.136,11.0,121,922485741825,100,238.82843852043152,13.6,0.9814999999999999,0.136,11.8,122,886535215268,100,200.7830741405487,13.6,0.9721555555555558,0.136,9.2,123,312248258909,100,248.21921110153198,13.4,0.9805333333333334,0.134,12.0,124,897057706678,100,201.98437881469727,1077.9342639446259,248.38274335861206
29,1,17,1.7,5,2,1.28,2.12,0.982777777777778,0.0212,5,1.8,0.9791111111111112,0.018,1.2,125,119586514258,100,64.12460589408875,2.2,0.9784444444444444,0.022,1.2,126,922485741825,100,61.980016469955444,2.2,0.9946666666666668,0.022,2.2,127,886535215268,100,37.46850085258484,2.4,0.9804444444444445,0.024,1.4,128,312248258909,100,62.24549627304077,2.0,0.9812222222222222,0.02,0.4,129,897057706678,100,53.890894412994385,279.7095139026642,64.13869547843933
30,2,67,6.7,5,2,6.239999999999999,8.2,0.9772222222222222,0.082,5,8.6,0.9874722222222222,0.086,4.8,130,119586514258,100,64.01059174537659,8.0,0.9676388888888889,0.08,6.8,131,922485741825,100,114.47016382217407,8.0,0.979111111111111,0.08,6.6,132,886535215268,100,83.2033703327179,8.0,0.9763611111111112,0.08,8.6,133,312248258909,100,86.67028284072876,8.4,0.9755277777777778,0.084,4.4,134,897057706678,100,96.50940656661987,444.8638153076172,114.48172974586487
31,2,19,1.9,5,2,3.44,4.880000000000001,0.9740333333333334,0.048799999999999996,5,5.4,0.9835277777777778,0.054,3.0,40,119586514258,100,90.52488017082214,4.4,0.9421388888888889,0.044,4.4,41,922485741825,100,198.41147828102112,4.8,0.978388888888889,0.048,4.6,42,886535215268,100,110.00939512252808,4.6,0.9892222222222222,0.046,3.4,43,312248258909,100,73.54405283927917,5.2,0.9768888888888889,0.052,1.8,44,897057706678,100,110.39671754837036,582.8865239620209,0.0012116432189941406
32,2,66,6.6,5,2,6.24,8.16,0.9736388888888889,0.0816,5,8.4,0.9750277777777777,0.084,6.0,95,119586514258,100,91.59016537666321,8.0,0.9514166666666667,0.08,6.6,96,922485741825,100,136.38107705116272,8.0,0.9809166666666667,0.08,7.2,97,886535215268,100,69.243971824646,8.0,0.9811666666666667,0.08,6.4,98,312248258909,100,73.45692706108093,8.4,0.9796666666666667,0.084,5.0,99,897057706678,100,79.95379281044006,450.6259341239929,0.0009794235229492188
33,3,70,7.0,5,2,9.040000000000001,12.36,0.9721962962962962,0.1236,5,12.4,0.9726851851851852,0.124,8.4,135,119586514258,100,141.08114790916443,12.4,0.9809259259259259,0.124,9.4,136,922485741825,100,121.80286026000977,12.2,0.968,0.122,10.8,137,886535215268,100,158.77862930297852,12.6,0.9709629629629629,0.126,7.8,138,312248258909,100,143.46954798698425,12.2,0.9684074074074074,0.122,8.8,139,897057706678,100,151.50741410255432,716.6395995616913,158.95225644111633
34,7,11,1.1,5,2,8.48,13.160000000000002,0.981836507936508,0.1316,5,12.8,0.9724999999999999,0.128,10.0,140,119586514258,100,379.9744086265564,13.6,0.9900317460317459,0.136,6.8,141,922485741825,100,229.33796048164368,12.8,0.9864841269841269,0.128,9.6,142,886535215268,100,269.99340438842773,13.2,0.9795079365079365,0.132,7.4,143,312248258909,100,326.26373767852783,13.4,0.9806587301587302,0.134,8.6,144,897057706678,100,311.7722306251526,1517.3417418003082,379.98165488243103
35,5,11,1.1,5,2,6.56,9.040000000000001,0.9741244444444443,0.0904,5,9.0,0.9612777777777778,0.09,5.8,145,119586514258,100,352.6329753398895,9.6,0.9659000000000001,0.096,5.6,146,922485741825,100,310.0278060436249,8.8,0.9922777777777778,0.088,7.2,147,886535215268,100,166.7506229877472,9.0,0.9765222222222221,0.09,8.4,148,312248258909,100,254.48799347877502,8.8,0.9746444444444444,0.088,5.8,149,897057706678,100,271.28016471862793,1355.1795625686646,352.6399338245392
36,1,11,1.1,5,3,1.3199999999999998,1.52,0.9832777777777778,0.0152,5,1.2,0.9903333333333332,0.012,1.4,150,119586514258,100,50.58279228210449,1.6,0.9694444444444444,0.016,0.8,151,922485741825,100,81.21528005599976,1.6,0.9676666666666668,0.016,1.4,152,886535215268,100,76.92999076843262,1.8,0.9935,0.018,1.4,153,312248258909,100,44.27572703361511,1.4,0.9954444444444444,0.014,1.6,154,897057706678,100,40.54914665222168,293.55293679237366,81.49808049201965
37,2,19,1.9,5,3,3.44,4.880000000000001,0.9740333333333334,0.048799999999999996,5,5.4,0.9835277777777778,0.054,3.0,40,119586514258,100,90.52488017082214,4.4,0.9421388888888889,0.044,4.4,41,922485741825,100,198.41147828102112,4.8,0.978388888888889,0.048,4.6,42,886535215268,100,110.00939512252808,4.6,0.9892222222222222,0.046,3.4,43,312248258909,100,73.54405283927917,5.2,0.9768888888888889,0.052,1.8,44,897057706678,100,110.39671754837036,582.8865239620209,0.0016443729400634766
38,4,35,3.5,5,3,10.040000000000001,12.679999999999998,0.965613888888889,0.1268,5,12.6,0.9697500000000001,0.126,13.0,155,119586514258,100,227.86971759796143,13.2,0.9752777777777779,0.132,7.8,156,922485741825,100,186.31583857536316,12.4,0.9576805555555556,0.124,10.4,157,886535215268,100,280.1201751232147,13.0,0.9707777777777777,0.13,7.4,158,312248258909,100,212.47133350372314,12.2,0.9545833333333333,0.122,11.6,159,897057706678,100,292.1558861732483,1198.9329509735107,292.31367444992065
39,5,12,1.2,5,3,6.6,9.48,0.9684533333333333,0.0948,5,9.4,0.9697444444444445,0.094,6.2,20,119586514258,100,299.59694814682007,10.0,0.9633333333333333,0.1,7.6,21,922485741825,100,337.21114134788513,9.6,0.9797333333333332,0.096,7.6,22,886535215268,100,224.61862659454346,9.0,0.9594777777777779,0.09,6.2,23,312248258909,100,375.2537009716034,9.4,0.9699777777777776,0.094,5.4,24,897057706678,100,305.2401511669159,1541.920568227768,0.0012736320495605469
40,5,29,2.9,5,3,12.16,15.079999999999998,0.9728555555555556,0.1508,5,15.2,0.9718222222222221,0.152,9.8,160,119586514258,100,239.3063735961914,15.0,0.9684555555555555,0.15,11.2,161,922485741825,100,269.4818334579468,15.2,0.9822777777777778,0.152,13.2,162,886535215268,100,192.02557969093323,15.2,0.9726111111111111,0.152,13.8,163,312248258909,100,246.83894872665405,14.8,0.9691111111111113,0.148,12.8,164,897057706678,100,274.6174850463867,1222.2702205181122,274.88327407836914
41,1,10,1.0,5,3,1.04,1.56,0.9705,0.0156,5,1.0,0.9091666666666668,0.01,0.4,105,119586514258,100,164.5809075832367,1.6,0.9713333333333334,0.016,0.6,106,922485741825,100,74.85714936256409,1.8,0.9901666666666666,0.018,1.2,107,886535215268,100,52.45743250846863,2.0,0.9906666666666668,0.02,1.2,108,312248258909,100,41.68019199371338,1.4,0.9911666666666666,0.014,1.8,109,897057706678,100,51.608519554138184,385.184201002121,0.0014505386352539062
42,1,30,3.0,5,3,2.48,2.92,0.9790444444444445,0.029199999999999997,5,2.6,0.9682777777777778,0.026,2.6,165,119586514258,100,71.4432225227356,3.0,0.9757777777777776,0.03,2.2,166,922485741825,100,60.49514555931091,3.0,0.996,0.03,2.4,167,886535215268,100,32.890392780303955,3.0,0.9786111111111112,0.03,2.6,168,312248258909,100,54.06140422821045,3.0,0.9765555555555556,0.03,2.6,169,897057706678,100,60.54628133773804,279.43644642829895,71.45153617858887
43,1,18,1.8,5,3,1.8400000000000003,2.16,0.9728444444444445,0.0216,5,1.8,0.9889444444444444,0.018,1.6,170,119586514258,100,57.56552314758301,2.4,0.9781111111111112,0.024,1.6,171,922485741825,100,71.04302024841309,2.2,0.9755555555555556,0.022,2.6,172,886535215268,100,66.68940567970276,2.4,0.9763888888888888,0.024,1.6,173,312248258909,100,69.89066624641418,2.0,0.9452222222222222,0.02,1.8,174,897057706678,100,108.36287569999695,373.55149102211,108.65317463874817
44,1,14,1.4,5,3,1.6800000000000002,1.92,0.9585888888888888,0.019200000000000002,5,1.6,0.9836666666666668,0.016,1.6,175,119586514258,100,61.86984729766846,2.0,0.9825555555555556,0.02,1.6,176,922485741825,100,60.24090266227722,2.0,0.9640555555555556,0.02,1.8,177,886535215268,100,78.54185342788696,2.0,0.8965,0.02,0.8,178,312248258909,100,173.23775577545166,2.0,0.9661666666666666,0.02,2.6,179,897057706678,100,76.67927145957947,450.56963062286377,173.25949668884277
45,4,12,1.2,5,3,5.720000000000001,7.4399999999999995,0.9727500000000001,0.0744,5,7.6,0.9892222222222221,0.076,5.8,180,119586514258,100,151.3083209991455,7.6,0.9878472222222223,0.076,6.0,181,922485741825,100,154.56869411468506,7.6,0.9553611111111111,0.076,6.8,182,886535215268,100,311.07433676719666,7.8,0.9750416666666666,0.078,4.6,183,312248258909,100,209.7554316520691,6.6,0.9562777777777779,0.066,5.4,184,897057706678,100,316.337660074234,1143.0444436073303,316.50143027305603
46,5,33,3.3,5,3,14.16,16.08,0.9866533333333333,0.1608,5,16.4,0.9887888888888888,0.164,15.6,185,119586514258,100,153.62817192077637,16.0,0.9804555555555556,0.16,11.6,186,922485741825,100,190.34501481056213,16.0,0.9850888888888889,0.16,12.6,187,886535215268,100,172.32883024215698,16.2,0.9907111111111112,0.162,16.6,188,312248258909,100,151.07864904403687,15.8,0.9882222222222221,0.158,14.4,189,897057706678,100,159.47327661514282,826.8539426326752,190.6589412689209
47,2,19,1.9,5,3,3.44,4.880000000000001,0.9740333333333334,0.048799999999999996,5,5.4,0.9835277777777778,0.054,3.0,40,119586514258,100,90.52488017082214,4.4,0.9421388888888889,0.044,4.4,41,922485741825,100,198.41147828102112,4.8,0.978388888888889,0.048,4.6,42,886535215268,100,110.00939512252808,4.6,0.9892222222222222,0.046,3.4,43,312248258909,100,73.54405283927917,5.2,0.9768888888888889,0.052,1.8,44,897057706678,100,110.39671754837036,582.8865239620209,0.0013990402221679688
48,1,10,1.0,5,4,1.04,1.56,0.9705,0.0156,5,1.0,0.9091666666666668,0.01,0.4,105,119586514258,100,164.5809075832367,1.6,0.9713333333333334,0.016,0.6,106,922485741825,100,74.85714936256409,1.8,0.9901666666666666,0.018,1.2,107,886535215268,100,52.45743250846863,2.0,0.9906666666666668,0.02,1.2,108,312248258909,100,41.68019199371338,1.4,0.9911666666666666,0.014,1.8,109,897057706678,100,51.608519554138184,385.184201002121,0.0012733936309814453
49,1,12,1.2,5,4,1.8,1.72,0.9843222222222222,0.0172,5,1.4,0.9802222222222222,0.014,1.6,190,119586514258,100,62.454060077667236,1.8,0.9930555555555556,0.018,1.6,191,922485741825,100,42.77385401725769,1.8,0.9780555555555556,0.018,1.6,192,886535215268,100,64.50386881828308,2.0,0.9903333333333332,0.02,1.6,193,312248258909,100,43.44379782676697,1.6,0.9799444444444444,0.016,2.6,194,897057706678,100,62.17193841934204,275.347519159317,64.6643214225769
50,1,13,1.3,5,4,1.44,1.8400000000000003,0.9773666666666667,0.018400000000000003,5,1.6,0.9935,0.016,1.4,195,119586514258,100,43.31947326660156,2.0,0.9927777777777778,0.02,1.6,196,922485741825,100,37.2209587097168,1.8,0.9791666666666666,0.018,1.0,197,886535215268,100,58.5824453830719,2.0,0.9398888888888888,0.02,1.4,198,312248258909,100,106.92892718315125,1.8,0.9815,0.018,1.8,199,897057706678,100,55.55929207801819,301.6110966205597,107.08562707901001
51,1,10,1.0,5,4,1.04,1.56,0.9705,0.0156,5,1.0,0.9091666666666668,0.01,0.4,105,119586514258,100,164.5809075832367,1.6,0.9713333333333334,0.016,0.6,106,922485741825,100,74.85714936256409,1.8,0.9901666666666666,0.018,1.2,107,886535215268,100,52.45743250846863,2.0,0.9906666666666668,0.02,1.2,108,312248258909,100,41.68019199371338,1.4,0.9911666666666666,0.014,1.8,109,897057706678,100,51.608519554138184,385.184201002121,0.0014820098876953125
52,1,14,1.4,5,4,1.6800000000000002,1.92,0.9585888888888888,0.019200000000000002,5,1.6,0.9836666666666668,0.016,1.6,175,119586514258,100,61.86984729766846,2.0,0.9825555555555556,0.02,1.6,176,922485741825,100,60.24090266227722,2.0,0.9640555555555556,0.02,1.8,177,886535215268,100,78.54185342788696,2.0,0.8965,0.02,0.8,178,312248258909,100,173.23775577545166,2.0,0.9661666666666666,0.02,2.6,179,897057706678,100,76.67927145957947,450.56963062286377,0.0010678768157958984
53,1,10,1.0,5,4,1.04,1.56,0.9705,0.0156,5,1.0,0.9091666666666668,0.01,0.4,105,119586514258,100,164.5809075832367,1.6,0.9713333333333334,0.016,0.6,106,922485741825,100,74.85714936256409,1.8,0.9901666666666666,0.018,1.2,107,886535215268,100,52.45743250846863,2.0,0.9906666666666668,0.02,1.2,108,312248258909,100,41.68019199371338,1.4,0.9911666666666666,0.014,1.8,109,897057706678,100,51.608519554138184,385.184201002121,0.0010678768157958984
54,4,11,1.1,5,4,4.68,7.279999999999999,0.9737055555555555,0.0728,5,7.0,0.9860972222222222,0.07,5.6,200,119586514258,100,175.72347593307495,7.4,0.9649305555555555,0.074,5.2,201,922485741825,100,274.37776160240173,7.8,0.9810833333333333,0.078,3.6,202,886535215268,100,184.88174867630005,7.4,0.981625,0.074,4.0,203,312248258909,100,184.07711029052734,6.8,0.9547916666666666,0.068,5.0,204,897057706678,100,324.3972496986389,1143.457346200943,324.6551833152771
55,3,16,1.6,5,4,4.24,6.4,0.9587333333333333,0.064,5,6.4,0.9588148148148149,0.064,5.0,205,119586514258,100,225.30032467842102,6.2,0.9375,0.062,3.8,206,922485741825,100,297.7590456008911,6.0,0.9652037037037037,0.06,4.6,207,886535215268,100,203.0672266483307,7.2,0.9790000000000001,0.072,4.4,208,312248258909,100,144.43137741088867,6.2,0.9531481481481481,0.062,3.4,209,897057706678,100,246.3410861492157,1116.8990604877472,298.0178611278534
56,5,12,1.2,5,4,6.6,9.48,0.9684533333333333,0.0948,5,9.4,0.9697444444444445,0.094,6.2,20,119586514258,100,299.59694814682007,10.0,0.9633333333333333,0.1,7.6,21,922485741825,100,337.21114134788513,9.6,0.9797333333333332,0.096,7.6,22,886535215268,100,224.61862659454346,9.0,0.9594777777777779,0.09,6.2,23,312248258909,100,375.2537009716034,9.4,0.9699777777777776,0.094,5.4,24,897057706678,100,305.2401511669159,1541.920568227768,0.0013964176177978516
57,1,14,1.4,5,4,1.6800000000000002,1.92,0.9585888888888888,0.019200000000000002,5,1.6,0.9836666666666668,0.016,1.6,175,119586514258,100,61.86984729766846,2.0,0.9825555555555556,0.02,1.6,176,922485741825,100,60.24090266227722,2.0,0.9640555555555556,0.02,1.8,177,886535215268,100,78.54185342788696,2.0,0.8965,0.02,0.8,178,312248258909,100,173.23775577545166,2.0,0.9661666666666666,0.02,2.6,179,897057706678,100,76.67927145957947,450.56963062286377,0.0010287761688232422
58,1,21,2.1,5,4,2.4,2.4,0.979788888888889,0.024,5,2.0,0.9441111111111112,0.02,1.8,210,119586514258,100,107.38422012329102,2.6,0.997,0.026,2.6,211,922485741825,100,39.596089124679565,2.4,0.9738333333333332,0.024,3.0,212,886535215268,100,67.937579870224,2.6,0.9872777777777778,0.026,2.0,213,312248258909,100,47.65723943710327,2.4,0.9967222222222222,0.024,2.6,214,897057706678,100,40.032392263412476,302.6075208187103,107.54660272598267
59,1,15,1.5,5,4,1.7200000000000002,1.92,0.9720000000000001,0.019200000000000002,5,1.6,0.9775,0.016,1.6,215,119586514258,100,71.90352702140808,2.0,0.9393333333333334,0.02,1.6,216,922485741825,100,117.08540773391724,2.0,0.9792222222222222,0.02,2.2,217,886535215268,100,66.17565178871155,2.2,0.9837777777777778,0.022,1.0,218,312248258909,100,58.727904081344604,1.8,0.9801666666666666,0.018,2.2,219,897057706678,100,66.21568059921265,380.1081712245941,117.37735605239868
60,1,10,1.0,5,5,1.04,1.56,0.9705,0.0156,5,1.0,0.9091666666666668,0.01,0.4,105,119586514258,100,164.5809075832367,1.6,0.9713333333333334,0.016,0.6,106,922485741825,100,74.85714936256409,1.8,0.9901666666666666,0.018,1.2,107,886535215268,100,52.45743250846863,2.0,0.9906666666666668,0.02,1.2,108,312248258909,100,41.68019199371338,1.4,0.9911666666666666,0.014,1.8,109,897057706678,100,51.608519554138184,385.184201002121,0.0014493465423583984
61,2,19,1.9,5,5,3.44,4.880000000000001,0.9740333333333334,0.048799999999999996,5,5.4,0.9835277777777778,0.054,3.0,40,119586514258,100,90.52488017082214,4.4,0.9421388888888889,0.044,4.4,41,922485741825,100,198.41147828102112,4.8,0.978388888888889,0.048,4.6,42,886535215268,100,110.00939512252808,4.6,0.9892222222222222,0.046,3.4,43,312248258909,100,73.54405283927917,5.2,0.9768888888888889,0.052,1.8,44,897057706678,100,110.39671754837036,582.8865239620209,0.0010933876037597656
62,1,10,1.0,5,5,1.04,1.56,0.9705,0.0156,5,1.0,0.9091666666666668,0.01,0.4,105,119586514258,100,164.5809075832367,1.6,0.9713333333333334,0.016,0.6,106,922485741825,100,74.85714936256409,1.8,0.9901666666666666,0.018,1.2,107,886535215268,100,52.45743250846863,2.0,0.9906666666666668,0.02,1.2,108,312248258909,100,41.68019199371338,1.4,0.9911666666666666,0.014,1.8,109,897057706678,100,51.608519554138184,385.184201002121,0.0010361671447753906
63,1,14,1.4,5,5,1.6800000000000002,1.92,0.9585888888888888,0.019200000000000002,5,1.6,0.9836666666666668,0.016,1.6,175,119586514258,100,61.86984729766846,2.0,0.9825555555555556,0.02,1.6,176,922485741825,100,60.24090266227722,2.0,0.9640555555555556,0.02,1.8,177,886535215268,100,78.54185342788696,2.0,0.8965,0.02,0.8,178,312248258909,100,173.23775577545166,2.0,0.9661666666666666,0.02,2.6,179,897057706678,100,76.67927145957947,450.56963062286377,0.0010137557983398438
64,1,10,1.0,5,5,1.04,1.56,0.9705,0.0156,5,1.0,0.9091666666666668,0.01,0.4,105,119586514258,100,164.5809075832367,1.6,0.9713333333333334,0.016,0.6,106,922485741825,100,74.85714936256409,1.8,0.9901666666666666,0.018,1.2,107,886535215268,100,52.45743250846863,2.0,0.9906666666666668,0.02,1.2,108,312248258909,100,41.68019199371338,1.4,0.9911666666666666,0.014,1.8,109,897057706678,100,51.608519554138184,385.184201002121,0.0010106563568115234
65,1,30,3.0,5,5,2.48,2.92,0.9790444444444445,0.029199999999999997,5,2.6,0.9682777777777778,0.026,2.6,165,119586514258,100,71.4432225227356,3.0,0.9757777777777776,0.03,2.2,166,922485741825,100,60.49514555931091,3.0,0.996,0.03,2.4,167,886535215268,100,32.890392780303955,3.0,0.9786111111111112,0.03,2.6,168,312248258909,100,54.06140422821045,3.0,0.9765555555555556,0.03,2.6,169,897057706678,100,60.54628133773804,279.43644642829895,0.0010652542114257812
66,1,14,1.4,5,5,1.6800000000000002,1.92,0.9585888888888888,0.019200000000000002,5,1.6,0.9836666666666668,0.016,1.6,175,119586514258,100,61.86984729766846,2.0,0.9825555555555556,0.02,1.6,176,922485741825,100,60.24090266227722,2.0,0.9640555555555556,0.02,1.8,177,886535215268,100,78.54185342788696,2.0,0.8965,0.02,0.8,178,312248258909,100,173.23775577545166,2.0,0.9661666666666666,0.02,2.6,179,897057706678,100,76.67927145957947,450.56963062286377,0.0004868507385253906
67,1,10,1.0,5,5,1.04,1.56,0.9705,0.0156,5,1.0,0.9091666666666668,0.01,0.4,105,119586514258,100,164.5809075832367,1.6,0.9713333333333334,0.016,0.6,106,922485741825,100,74.85714936256409,1.8,0.9901666666666666,0.018,1.2,107,886535215268,100,52.45743250846863,2.0,0.9906666666666668,0.02,1.2,108,312248258909,100,41.68019199371338,1.4,0.9911666666666666,0.014,1.8,109,897057706678,100,51.608519554138184,385.184201002121,0.0006320476531982422
68,1,10,1.0,5,5,1.04,1.56,0.9705,0.0156,5,1.0,0.9091666666666668,0.01,0.4,105,119586514258,100,164.5809075832367,1.6,0.9713333333333334,0.016,0.6,106,922485741825,100,74.85714936256409,1.8,0.9901666666666666,0.018,1.2,107,886535215268,100,52.45743250846863,2.0,0.9906666666666668,0.02,1.2,108,312248258909,100,41.68019199371338,1.4,0.9911666666666666,0.014,1.8,109,897057706678,100,51.608519554138184,385.184201002121,0.0004818439483642578
69,1,15,1.5,5,5,1.7200000000000002,1.92,0.9720000000000001,0.019200000000000002,5,1.6,0.9775,0.016,1.6,215,119586514258,100,71.90352702140808,2.0,0.9393333333333334,0.02,1.6,216,922485741825,100,117.08540773391724,2.0,0.9792222222222222,0.02,2.2,217,886535215268,100,66.17565178871155,2.2,0.9837777777777778,0.022,1.0,218,312248258909,100,58.727904081344604,1.8,0.9801666666666666,0.018,2.2,219,897057706678,100,66.21568059921265,380.1081712245941,0.0004761219024658203
70,1,11,1.1,5,5,1.3199999999999998,1.52,0.9832777777777778,0.0152,5,1.2,0.9903333333333332,0.012,1.4,150,119586514258,100,50.58279228210449,1.6,0.9694444444444444,0.016,0.8,151,922485741825,100,81.21528005599976,1.6,0.9676666666666668,0.016,1.4,152,886535215268,100,76.92999076843262,1.8,0.9935,0.018,1.4,153,312248258909,100,44.27572703361511,1.4,0.9954444444444444,0.014,1.6,154,897057706678,100,40.54914665222168,293.55293679237366,0.0004730224609375
71,1,10,1.0,5,5,1.04,1.56,0.9705,0.0156,5,1.0,0.9091666666666668,0.01,0.4,105,119586514258,100,164.5809075832367,1.6,0.9713333333333334,0.016,0.6,106,922485741825,100,74.85714936256409,1.8,0.9901666666666666,0.018,1.2,107,886535215268,100,52.45743250846863,2.0,0.9906666666666668,0.02,1.2,108,312248258909,100,41.68019199371338,1.4,0.9911666666666666,0.014,1.8,109,897057706678,100,51.608519554138184,385.184201002121,0.0004832744598388672
72,2,10,1.0,5,6,2.12,3.4,0.9833277777777777,0.034,5,3.6,0.9859444444444445,0.036,2.6,220,119586514258,100,96.94411969184875,3.0,0.9828333333333332,0.03,3.0,221,922485741825,100,102.45833730697632,3.4,0.9861666666666666,0.034,1.2,222,886535215268,100,89.16997480392456,3.6,0.9797222222222223,0.036,2.0,223,312248258909,100,106.04266810417175,3.4,0.9819722222222222,0.034,1.8,224,897057706678,100,102.5643413066864,497.1794412136078,106.06062507629395
73,2,10,1.0,5,6,2.12,3.4,0.9833277777777777,0.034,5,3.6,0.9859444444444445,0.036,2.6,220,119586514258,100,96.94411969184875,3.0,0.9828333333333332,0.03,3.0,221,922485741825,100,102.45833730697632,3.4,0.9861666666666666,0.034,1.2,222,886535215268,100,89.16997480392456,3.6,0.9797222222222223,0.036,2.0,223,312248258909,100,106.04266810417175,3.4,0.9819722222222222,0.034,1.8,224,897057706678,100,102.5643413066864,497.1794412136078,0.0013146400451660156
74,1,10,1.0,5,6,1.04,1.56,0.9705,0.0156,5,1.0,0.9091666666666668,0.01,0.4,105,119586514258,100,164.5809075832367,1.6,0.9713333333333334,0.016,0.6,106,922485741825,100,74.85714936256409,1.8,0.9901666666666666,0.018,1.2,107,886535215268,100,52.45743250846863,2.0,0.9906666666666668,0.02,1.2,108,312248258909,100,41.68019199371338,1.4,0.9911666666666666,0.014,1.8,109,897057706678,100,51.608519554138184,385.184201002121,0.0010704994201660156
75,1,10,1.0,5,6,1.04,1.56,0.9705,0.0156,5,1.0,0.9091666666666668,0.01,0.4,105,119586514258,100,164.5809075832367,1.6,0.9713333333333334,0.016,0.6,106,922485741825,100,74.85714936256409,1.8,0.9901666666666666,0.018,1.2,107,886535215268,100,52.45743250846863,2.0,0.9906666666666668,0.02,1.2,108,312248258909,100,41.68019199371338,1.4,0.9911666666666666,0.014,1.8,109,897057706678,100,51.608519554138184,385.184201002121,0.0010251998901367188
76,1,14,1.4,5,6,1.6800000000000002,1.92,0.9585888888888888,0.019200000000000002,5,1.6,0.9836666666666668,0.016,1.6,175,119586514258,100,61.86984729766846,2.0,0.9825555555555556,0.02,1.6,176,922485741825,100,60.24090266227722,2.0,0.9640555555555556,0.02,1.8,177,886535215268,100,78.54185342788696,2.0,0.8965,0.02,0.8,178,312248258909,100,173.23775577545166,2.0,0.9661666666666666,0.02,2.6,179,897057706678,100,76.67927145957947,450.56963062286377,0.0010213851928710938
77,2,14,1.4,5,6,3.44,4.040000000000001,0.9782722222222222,0.040400000000000005,5,4.6,0.9939166666666668,0.046,3.4,225,119586514258,100,68.7114646434784,3.6,0.9768888888888889,0.036,3.8,226,922485741825,100,128.56680369377136,3.8,0.9650555555555556,0.038,3.4,227,886535215268,100,151.61364889144897,3.8,0.9697777777777778,0.038,3.4,228,312248258909,100,133.7987139225006,4.4,0.9857222222222222,0.044,3.2,229,897057706678,100,90.09776616096497,572.7883973121643,151.77221751213074
78,1,11,1.1,5,6,1.3199999999999998,1.52,0.9832777777777778,0.0152,5,1.2,0.9903333333333332,0.012,1.4,150,119586514258,100,50.58279228210449,1.6,0.9694444444444444,0.016,0.8,151,922485741825,100,81.21528005599976,1.6,0.9676666666666668,0.016,1.4,152,886535215268,100,76.92999076843262,1.8,0.9935,0.018,1.4,153,312248258909,100,44.27572703361511,1.4,0.9954444444444444,0.014,1.6,154,897057706678,100,40.54914665222168,293.55293679237366,0.0007727146148681641
79,2,14,1.4,5,6,3.44,4.040000000000001,0.9782722222222222,0.040400000000000005,5,4.6,0.9939166666666668,0.046,3.4,225,119586514258,100,68.7114646434784,3.6,0.9768888888888889,0.036,3.8,226,922485741825,100,128.56680369377136,3.8,0.9650555555555556,0.038,3.4,227,886535215268,100,151.61364889144897,3.8,0.9697777777777778,0.038,3.4,228,312248258909,100,133.7987139225006,4.4,0.9857222222222222,0.044,3.2,229,897057706678,100,90.09776616096497,572.7883973121643,0.0005266666412353516
80,1,37,3.7,5,6,2.6799999999999997,3.2400000000000007,0.9775,0.0324,5,3.0,0.9598333333333332,0.03,3.0,230,119586514258,100,85.23161387443542,3.4,0.9881666666666666,0.034,2.8,231,922485741825,100,47.197412729263306,3.2,0.9851111111111112,0.032,2.0,232,886535215268,100,48.20966815948486,3.4,0.9905,0.034,2.8,233,312248258909,100,41.87915110588074,3.2,0.9638888888888888,0.032,2.8,234,897057706678,100,80.88382911682129,303.4016749858856,85.245769739151
81,1,14,1.4,5,6,1.6800000000000002,1.92,0.9585888888888888,0.019200000000000002,5,1.6,0.9836666666666668,0.016,1.6,175,119586514258,100,61.86984729766846,2.0,0.9825555555555556,0.02,1.6,176,922485741825,100,60.24090266227722,2.0,0.9640555555555556,0.02,1.8,177,886535215268,100,78.54185342788696,2.0,0.8965,0.02,0.8,178,312248258909,100,173.23775577545166,2.0,0.9661666666666666,0.02,2.6,179,897057706678,100,76.67927145957947,450.56963062286377,0.0014979839324951172
82,1,11,1.1,5,6,1.3199999999999998,1.52,0.9832777777777778,0.0152,5,1.2,0.9903333333333332,0.012,1.4,150,119586514258,100,50.58279228210449,1.6,0.9694444444444444,0.016,0.8,151,922485741825,100,81.21528005599976,1.6,0.9676666666666668,0.016,1.4,152,886535215268,100,76.92999076843262,1.8,0.9935,0.018,1.4,153,312248258909,100,44.27572703361511,1.4,0.9954444444444444,0.014,1.6,154,897057706678,100,40.54914665222168,293.55293679237366,0.0011107921600341797
83,1,10,1.0,5,6,1.04,1.56,0.9705,0.0156,5,1.0,0.9091666666666668,0.01,0.4,105,119586514258,100,164.5809075832367,1.6,0.9713333333333334,0.016,0.6,106,922485741825,100,74.85714936256409,1.8,0.9901666666666666,0.018,1.2,107,886535215268,100,52.45743250846863,2.0,0.9906666666666668,0.02,1.2,108,312248258909,100,41.68019199371338,1.4,0.9911666666666666,0.014,1.8,109,897057706678,100,51.608519554138184,385.184201002121,0.0010669231414794922
84,2,10,1.0,5,7,2.12,3.4,0.9833277777777777,0.034,5,3.6,0.9859444444444445,0.036,2.6,220,119586514258,100,96.94411969184875,3.0,0.9828333333333332,0.03,3.0,221,922485741825,100,102.45833730697632,3.4,0.9861666666666666,0.034,1.2,222,886535215268,100,89.16997480392456,3.6,0.9797222222222223,0.036,2.0,223,312248258909,100,106.04266810417175,3.4,0.9819722222222222,0.034,1.8,224,897057706678,100,102.5643413066864,497.1794412136078,0.0012247562408447266
85,1,11,1.1,5,7,1.3199999999999998,1.52,0.9832777777777778,0.0152,5,1.2,0.9903333333333332,0.012,1.4,150,119586514258,100,50.58279228210449,1.6,0.9694444444444444,0.016,0.8,151,922485741825,100,81.21528005599976,1.6,0.9676666666666668,0.016,1.4,152,886535215268,100,76.92999076843262,1.8,0.9935,0.018,1.4,153,312248258909,100,44.27572703361511,1.4,0.9954444444444444,0.014,1.6,154,897057706678,100,40.54914665222168,293.55293679237366,0.0005805492401123047
86,1,11,1.1,5,7,1.3199999999999998,1.52,0.9832777777777778,0.0152,5,1.2,0.9903333333333332,0.012,1.4,150,119586514258,100,50.58279228210449,1.6,0.9694444444444444,0.016,0.8,151,922485741825,100,81.21528005599976,1.6,0.9676666666666668,0.016,1.4,152,886535215268,100,76.92999076843262,1.8,0.9935,0.018,1.4,153,312248258909,100,44.27572703361511,1.4,0.9954444444444444,0.014,1.6,154,897057706678,100,40.54914665222168,293.55293679237366,0.0004980564117431641
87,1,10,1.0,5,7,1.04,1.56,0.9705,0.0156,5,1.0,0.9091666666666668,0.01,0.4,105,119586514258,100,164.5809075832367,1.6,0.9713333333333334,0.016,0.6,106,922485741825,100,74.85714936256409,1.8,0.9901666666666666,0.018,1.2,107,886535215268,100,52.45743250846863,2.0,0.9906666666666668,0.02,1.2,108,312248258909,100,41.68019199371338,1.4,0.9911666666666666,0.014,1.8,109,897057706678,100,51.608519554138184,385.184201002121,0.0005369186401367188
88,1,10,1.0,5,7,1.04,1.56,0.9705,0.0156,5,1.0,0.9091666666666668,0.01,0.4,105,119586514258,100,164.5809075832367,1.6,0.9713333333333334,0.016,0.6,106,922485741825,100,74.85714936256409,1.8,0.9901666666666666,0.018,1.2,107,886535215268,100,52.45743250846863,2.0,0.9906666666666668,0.02,1.2,108,312248258909,100,41.68019199371338,1.4,0.9911666666666666,0.014,1.8,109,897057706678,100,51.608519554138184,385.184201002121,0.0005059242248535156
89,1,11,1.1,5,7,1.3199999999999998,1.52,0.9832777777777778,0.0152,5,1.2,0.9903333333333332,0.012,1.4,150,119586514258,100,50.58279228210449,1.6,0.9694444444444444,0.016,0.8,151,922485741825,100,81.21528005599976,1.6,0.9676666666666668,0.016,1.4,152,886535215268,100,76.92999076843262,1.8,0.9935,0.018,1.4,153,312248258909,100,44.27572703361511,1.4,0.9954444444444444,0.014,1.6,154,897057706678,100,40.54914665222168,293.55293679237366,0.0007963180541992188
90,2,20,2.0,5,7,4.319999999999999,5.040000000000001,0.9870777777777778,0.0504,5,5.4,0.9931111111111111,0.054,5.2,235,119586514258,100,67.47658658027649,4.6,0.981638888888889,0.046,5.2,236,922485741825,100,99.46004319190979,5.0,0.9918055555555555,0.05,4.0,237,886535215268,100,69.14554166793823,4.8,0.9920277777777777,0.048,4.0,238,312248258909,100,66.19856214523315,5.4,0.9768055555555555,0.054,3.2,239,897057706678,100,97.21038055419922,399.4911141395569,99.47326850891113
91,1,10,1.0,5,7,1.04,1.56,0.9705,0.0156,5,1.0,0.9091666666666668,0.01,0.4,105,119586514258,100,164.5809075832367,1.6,0.9713333333333334,0.016,0.6,106,922485741825,100,74.85714936256409,1.8,0.9901666666666666,0.018,1.2,107,886535215268,100,52.45743250846863,2.0,0.9906666666666668,0.02,1.2,108,312248258909,100,41.68019199371338,1.4,0.9911666666666666,0.014,1.8,109,897057706678,100,51.608519554138184,385.184201002121,0.0013358592987060547
92,2,12,1.2,5,7,2.12,3.84,0.9706777777777778,0.038400000000000004,5,4.0,0.9301388888888888,0.04,2.0,240,119586514258,100,228.70804405212402,3.6,0.9765833333333334,0.036,2.6,241,922485741825,100,113.9590470790863,3.6,0.9857777777777776,0.036,2.6,242,886535215268,100,91.77283763885498,4.0,0.9728888888888888,0.04,1.4,243,312248258909,100,110.47909617424011,4.0,0.988,0.04,2.0,244,897057706678,100,82.46389389038086,627.3829188346863,228.71756744384766
93,1,10,1.0,5,7,1.04,1.56,0.9705,0.0156,5,1.0,0.9091666666666668,0.01,0.4,105,119586514258,100,164.5809075832367,1.6,0.9713333333333334,0.016,0.6,106,922485741825,100,74.85714936256409,1.8,0.9901666666666666,0.018,1.2,107,886535215268,100,52.45743250846863,2.0,0.9906666666666668,0.02,1.2,108,312248258909,100,41.68019199371338,1.4,0.9911666666666666,0.014,1.8,109,897057706678,100,51.608519554138184,385.184201002121,0.0012712478637695312
94,1,11,1.1,5,7,1.3199999999999998,1.52,0.9832777777777778,0.0152,5,1.2,0.9903333333333332,0.012,1.4,150,119586514258,100,50.58279228210449,1.6,0.9694444444444444,0.016,0.8,151,922485741825,100,81.21528005599976,1.6,0.9676666666666668,0.016,1.4,152,886535215268,100,76.92999076843262,1.8,0.9935,0.018,1.4,153,312248258909,100,44.27572703361511,1.4,0.9954444444444444,0.014,1.6,154,897057706678,100,40.54914665222168,293.55293679237366,0.0010180473327636719
95,1,11,1.1,5,7,1.3199999999999998,1.52,0.9832777777777778,0.0152,5,1.2,0.9903333333333332,0.012,1.4,150,119586514258,100,50.58279228210449,1.6,0.9694444444444444,0.016,0.8,151,922485741825,100,81.21528005599976,1.6,0.9676666666666668,0.016,1.4,152,886535215268,100,76.92999076843262,1.8,0.9935,0.018,1.4,153,312248258909,100,44.27572703361511,1.4,0.9954444444444444,0.014,1.6,154,897057706678,100,40.54914665222168,293.55293679237366,0.0009925365447998047
96,1,10,1.0,5,8,1.04,1.56,0.9705,0.0156,5,1.0,0.9091666666666668,0.01,0.4,105,119586514258,100,164.5809075832367,1.6,0.9713333333333334,0.016,0.6,106,922485741825,100,74.85714936256409,1.8,0.9901666666666666,0.018,1.2,107,886535215268,100,52.45743250846863,2.0,0.9906666666666668,0.02,1.2,108,312248258909,100,41.68019199371338,1.4,0.9911666666666666,0.014,1.8,109,897057706678,100,51.608519554138184,385.184201002121,0.0010752677917480469
97,1,10,1.0,5,8,1.04,1.56,0.9705,0.0156,5,1.0,0.9091666666666668,0.01,0.4,105,119586514258,100,164.5809075832367,1.6,0.9713333333333334,0.016,0.6,106,922485741825,100,74.85714936256409,1.8,0.9901666666666666,0.018,1.2,107,886535215268,100,52.45743250846863,2.0,0.9906666666666668,0.02,1.2,108,312248258909,100,41.68019199371338,1.4,0.9911666666666666,0.014,1.8,109,897057706678,100,51.608519554138184,385.184201002121,0.0006208419799804688
98,1,20,2.0,5,8,2.56,2.3200000000000003,0.9824444444444443,0.0232,5,2.0,0.9746111111111112,0.02,2.6,245,119586514258,100,71.9837417602539,2.4,0.9917777777777778,0.024,2.8,246,922485741825,100,47.001596450805664,2.4,0.9758333333333332,0.024,2.4,247,886535215268,100,70.4902548789978,2.6,0.9768333333333332,0.026,1.8,248,312248258909,100,64.92592525482178,2.2,0.9931666666666666,0.022,3.2,249,897057706678,100,46.54196572303772,300.94348406791687,71.99297499656677
99,1,14,1.4,5,8,1.6800000000000002,1.92,0.9585888888888888,0.019200000000000002,5,1.6,0.9836666666666668,0.016,1.6,175,119586514258,100,61.86984729766846,2.0,0.9825555555555556,0.02,1.6,176,922485741825,100,60.24090266227722,2.0,0.9640555555555556,0.02,1.8,177,886535215268,100,78.54185342788696,2.0,0.8965,0.02,0.8,178,312248258909,100,173.23775577545166,2.0,0.9661666666666666,0.02,2.6,179,897057706678,100,76.67927145957947,450.56963062286377,0.001434326171875
100,1,14,1.4,5,8,1.6800000000000002,1.92,0.9585888888888888,0.019200000000000002,5,1.6,0.9836666666666668,0.016,1.6,175,119586514258,100,61.86984729766846,2.0,0.9825555555555556,0.02,1.6,176,922485741825,100,60.24090266227722,2.0,0.9640555555555556,0.02,1.8,177,886535215268,100,78.54185342788696,2.0,0.8965,0.02,0.8,178,312248258909,100,173.23775577545166,2.0,0.9661666666666666,0.02,2.6,179,897057706678,100,76.67927145957947,450.56963062286377,0.0010187625885009766
101,1,12,1.2,5,8,1.8,1.72,0.9843222222222222,0.0172,5,1.4,0.9802222222222222,0.014,1.6,190,119586514258,100,62.454060077667236,1.8,0.9930555555555556,0.018,1.6,191,922485741825,100,42.77385401725769,1.8,0.9780555555555556,0.018,1.6,192,886535215268,100,64.50386881828308,2.0,0.9903333333333332,0.02,1.6,193,312248258909,100,43.44379782676697,1.6,0.9799444444444444,0.016,2.6,194,897057706678,100,62.17193841934204,275.347519159317,0.0009775161743164062
102,1,10,1.0,5,8,1.04,1.56,0.9705,0.0156,5,1.0,0.9091666666666668,0.01,0.4,105,119586514258,100,164.5809075832367,1.6,0.9713333333333334,0.016,0.6,106,922485741825,100,74.85714936256409,1.8,0.9901666666666666,0.018,1.2,107,886535215268,100,52.45743250846863,2.0,0.9906666666666668,0.02,1.2,108,312248258909,100,41.68019199371338,1.4,0.9911666666666666,0.014,1.8,109,897057706678,100,51.608519554138184,385.184201002121,0.0009856224060058594
103,1,14,1.4,5,8,1.6800000000000002,1.92,0.9585888888888888,0.019200000000000002,5,1.6,0.9836666666666668,0.016,1.6,175,119586514258,100,61.86984729766846,2.0,0.9825555555555556,0.02,1.6,176,922485741825,100,60.24090266227722,2.0,0.9640555555555556,0.02,1.8,177,886535215268,100,78.54185342788696,2.0,0.8965,0.02,0.8,178,312248258909,100,173.23775577545166,2.0,0.9661666666666666,0.02,2.6,179,897057706678,100,76.67927145957947,450.56963062286377,0.0012392997741699219
104,2,13,1.3,5,8,3.1599999999999997,3.9200000000000004,0.9720666666666666,0.0392,5,4.2,0.9388333333333334,0.042,3.2,250,119586514258,100,213.48182773590088,3.8,0.9737499999999999,0.038,2.0,251,922485741825,100,127.48720049858093,4.0,0.9868611111111112,0.04,3.4,252,886535215268,100,75.6745445728302,3.6,0.9755555555555555,0.036,3.8,253,312248258909,100,123.1595368385315,4.0,0.9853333333333333,0.04,3.4,254,897057706678,100,92.47982478141785,632.2829344272614,213.49146008491516
105,1,10,1.0,5,8,1.04,1.56,0.9705,0.0156,5,1.0,0.9091666666666668,0.01,0.4,105,119586514258,100,164.5809075832367,1.6,0.9713333333333334,0.016,0.6,106,922485741825,100,74.85714936256409,1.8,0.9901666666666666,0.018,1.2,107,886535215268,100,52.45743250846863,2.0,0.9906666666666668,0.02,1.2,108,312248258909,100,41.68019199371338,1.4,0.9911666666666666,0.014,1.8,109,897057706678,100,51.608519554138184,385.184201002121,0.001260519027709961
106,2,14,1.4,5,8,3.44,4.040000000000001,0.9782722222222222,0.040400000000000005,5,4.6,0.9939166666666668,0.046,3.4,225,119586514258,100,68.7114646434784,3.6,0.9768888888888889,0.036,3.8,226,922485741825,100,128.56680369377136,3.8,0.9650555555555556,0.038,3.4,227,886535215268,100,151.61364889144897,3.8,0.9697777777777778,0.038,3.4,228,312248258909,100,133.7987139225006,4.4,0.9857222222222222,0.044,3.2,229,897057706678,100,90.09776616096497,572.7883973121643,0.0010170936584472656
107,1,11,1.1,5,8,1.3199999999999998,1.52,0.9832777777777778,0.0152,5,1.2,0.9903333333333332,0.012,1.4,150,119586514258,100,50.58279228210449,1.6,0.9694444444444444,0.016,0.8,151,922485741825,100,81.21528005599976,1.6,0.9676666666666668,0.016,1.4,152,886535215268,100,76.92999076843262,1.8,0.9935,0.018,1.4,153,312248258909,100,44.27572703361511,1.4,0.9954444444444444,0.014,1.6,154,897057706678,100,40.54914665222168,293.55293679237366,0.0011630058288574219
108,1,11,1.1,5,9,1.3199999999999998,1.52,0.9832777777777778,0.0152,5,1.2,0.9903333333333332,0.012,1.4,150,119586514258,100,50.58279228210449,1.6,0.9694444444444444,0.016,0.8,151,922485741825,100,81.21528005599976,1.6,0.9676666666666668,0.016,1.4,152,886535215268,100,76.92999076843262,1.8,0.9935,0.018,1.4,153,312248258909,100,44.27572703361511,1.4,0.9954444444444444,0.014,1.6,154,897057706678,100,40.54914665222168,293.55293679237366,0.0012373924255371094
109,1,10,1.0,5,9,1.04,1.56,0.9705,0.0156,5,1.0,0.9091666666666668,0.01,0.4,105,119586514258,100,164.5809075832367,1.6,0.9713333333333334,0.016,0.6,106,922485741825,100,74.85714936256409,1.8,0.9901666666666666,0.018,1.2,107,886535215268,100,52.45743250846863,2.0,0.9906666666666668,0.02,1.2,108,312248258909,100,41.68019199371338,1.4,0.9911666666666666,0.014,1.8,109,897057706678,100,51.608519554138184,385.184201002121,0.000690460205078125
110,1,10,1.0,5,9,1.04,1.56,0.9705,0.0156,5,1.0,0.9091666666666668,0.01,0.4,105,119586514258,100,164.5809075832367,1.6,0.9713333333333334,0.016,0.6,106,922485741825,100,74.85714936256409,1.8,0.9901666666666666,0.018,1.2,107,886535215268,100,52.45743250846863,2.0,0.9906666666666668,0.02,1.2,108,312248258909,100,41.68019199371338,1.4,0.9911666666666666,0.014,1.8,109,897057706678,100,51.608519554138184,385.184201002121,0.0005850791931152344
111,1,10,1.0,5,9,1.04,1.56,0.9705,0.0156,5,1.0,0.9091666666666668,0.01,0.4,105,119586514258,100,164.5809075832367,1.6,0.9713333333333334,0.016,0.6,106,922485741825,100,74.85714936256409,1.8,0.9901666666666666,0.018,1.2,107,886535215268,100,52.45743250846863,2.0,0.9906666666666668,0.02,1.2,108,312248258909,100,41.68019199371338,1.4,0.9911666666666666,0.014,1.8,109,897057706678,100,51.608519554138184,385.184201002121,0.0005931854248046875
112,1,13,1.3,5,9,1.44,1.8400000000000003,0.9773666666666667,0.018400000000000003,5,1.6,0.9935,0.016,1.4,195,119586514258,100,43.31947326660156,2.0,0.9927777777777778,0.02,1.6,196,922485741825,100,37.2209587097168,1.8,0.9791666666666666,0.018,1.0,197,886535215268,100,58.5824453830719,2.0,0.9398888888888888,0.02,1.4,198,312248258909,100,106.92892718315125,1.8,0.9815,0.018,1.8,199,897057706678,100,55.55929207801819,301.6110966205597,0.0005898475646972656
113,1,10,1.0,5,9,1.04,1.56,0.9705,0.0156,5,1.0,0.9091666666666668,0.01,0.4,105,119586514258,100,164.5809075832367,1.6,0.9713333333333334,0.016,0.6,106,922485741825,100,74.85714936256409,1.8,0.9901666666666666,0.018,1.2,107,886535215268,100,52.45743250846863,2.0,0.9906666666666668,0.02,1.2,108,312248258909,100,41.68019199371338,1.4,0.9911666666666666,0.014,1.8,109,897057706678,100,51.608519554138184,385.184201002121,0.0005934238433837891
114,1,14,1.4,5,9,1.6800000000000002,1.92,0.9585888888888888,0.019200000000000002,5,1.6,0.9836666666666668,0.016,1.6,175,119586514258,100,61.86984729766846,2.0,0.9825555555555556,0.02,1.6,176,922485741825,100,60.24090266227722,2.0,0.9640555555555556,0.02,1.8,177,886535215268,100,78.54185342788696,2.0,0.8965,0.02,0.8,178,312248258909,100,173.23775577545166,2.0,0.9661666666666666,0.02,2.6,179,897057706678,100,76.67927145957947,450.56963062286377,0.0005888938903808594
115,3,14,1.4,5,9,4.52,5.960000000000001,0.9639666666666666,0.0596,5,6.0,0.9743703703703703,0.06,3.6,255,119586514258,100,164.24673891067505,5.8,0.9420740740740742,0.058,4.8,256,922485741825,100,294.7277579307556,5.8,0.9679814814814814,0.058,5.0,257,886535215268,100,193.4318585395813,6.6,0.961537037037037,0.066,5.0,258,312248258909,100,210.750905752182,5.6,0.9738703703703705,0.056,4.2,259,897057706678,100,171.1297059059143,1034.2869670391083,294.888712644577
116,1,12,1.2,5,9,1.8,1.72,0.9843222222222222,0.0172,5,1.4,0.9802222222222222,0.014,1.6,190,119586514258,100,62.454060077667236,1.8,0.9930555555555556,0.018,1.6,191,922485741825,100,42.77385401725769,1.8,0.9780555555555556,0.018,1.6,192,886535215268,100,64.50386881828308,2.0,0.9903333333333332,0.02,1.6,193,312248258909,100,43.44379782676697,1.6,0.9799444444444444,0.016,2.6,194,897057706678,100,62.17193841934204,275.347519159317,0.001245260238647461
117,2,10,1.0,5,9,2.12,3.4,0.9833277777777777,0.034,5,3.6,0.9859444444444445,0.036,2.6,220,119586514258,100,96.94411969184875,3.0,0.9828333333333332,0.03,3.0,221,922485741825,100,102.45833730697632,3.4,0.9861666666666666,0.034,1.2,222,886535215268,100,89.16997480392456,3.6,0.9797222222222223,0.036,2.0,223,312248258909,100,106.04266810417175,3.4,0.9819722222222222,0.034,1.8,224,897057706678,100,102.5643413066864,497.1794412136078,0.001032114028930664
118,1,39,3.9,5,9,2.5599999999999996,3.2800000000000002,0.9704,0.0328,5,3.0,0.9362777777777778,0.03,2.0,260,119586514258,100,110.34044241905212,3.4,0.9875555555555556,0.034,3.8,261,922485741825,100,47.59687352180481,3.2,0.9619444444444444,0.032,3.4,262,886535215268,100,79.84394955635071,3.4,0.9857222222222224,0.034,1.2,263,312248258909,100,47.783616065979004,3.4,0.9805,0.034,2.4,264,897057706678,100,52.72256088256836,338.287442445755,110.35016345977783
119,1,11,1.1,5,9,1.3199999999999998,1.52,0.9832777777777778,0.0152,5,1.2,0.9903333333333332,0.012,1.4,150,119586514258,100,50.58279228210449,1.6,0.9694444444444444,0.016,0.8,151,922485741825,100,81.21528005599976,1.6,0.9676666666666668,0.016,1.4,152,886535215268,100,76.92999076843262,1.8,0.9935,0.018,1.4,153,312248258909,100,44.27572703361511,1.4,0.9954444444444444,0.014,1.6,154,897057706678,100,40.54914665222168,293.55293679237366,0.0014579296112060547
120,1,10,1.0,5,10,1.04,1.56,0.9705,0.0156,5,1.0,0.9091666666666668,0.01,0.4,105,119586514258,100,164.5809075832367,1.6,0.9713333333333334,0.016,0.6,106,922485741825,100,74.85714936256409,1.8,0.9901666666666666,0.018,1.2,107,886535215268,100,52.45743250846863,2.0,0.9906666666666668,0.02,1.2,108,312248258909,100,41.68019199371338,1.4,0.9911666666666666,0.014,1.8,109,897057706678,100,51.608519554138184,385.184201002121,0.0011982917785644531
121,1,10,1.0,5,10,1.04,1.56,0.9705,0.0156,5,1.0,0.9091666666666668,0.01,0.4,105,119586514258,100,164.5809075832367,1.6,0.9713333333333334,0.016,0.6,106,922485741825,100,74.85714936256409,1.8,0.9901666666666666,0.018,1.2,107,886535215268,100,52.45743250846863,2.0,0.9906666666666668,0.02,1.2,108,312248258909,100,41.68019199371338,1.4,0.9911666666666666,0.014,1.8,109,897057706678,100,51.608519554138184,385.184201002121,0.0010423660278320312
122,1,15,1.5,5,10,1.7200000000000002,1.92,0.9720000000000001,0.019200000000000002,5,1.6,0.9775,0.016,1.6,215,119586514258,100,71.90352702140808,2.0,0.9393333333333334,0.02,1.6,216,922485741825,100,117.08540773391724,2.0,0.9792222222222222,0.02,2.2,217,886535215268,100,66.17565178871155,2.2,0.9837777777777778,0.022,1.0,218,312248258909,100,58.727904081344604,1.8,0.9801666666666666,0.018,2.2,219,897057706678,100,66.21568059921265,380.1081712245941,0.0007586479187011719
123,1,10,1.0,5,10,1.04,1.56,0.9705,0.0156,5,1.0,0.9091666666666668,0.01,0.4,105,119586514258,100,164.5809075832367,1.6,0.9713333333333334,0.016,0.6,106,922485741825,100,74.85714936256409,1.8,0.9901666666666666,0.018,1.2,107,886535215268,100,52.45743250846863,2.0,0.9906666666666668,0.02,1.2,108,312248258909,100,41.68019199371338,1.4,0.9911666666666666,0.014,1.8,109,897057706678,100,51.608519554138184,385.184201002121,0.0004928112030029297
124,1,14,1.4,5,10,1.6800000000000002,1.92,0.9585888888888888,0.019200000000000002,5,1.6,0.9836666666666668,0.016,1.6,175,119586514258,100,61.86984729766846,2.0,0.9825555555555556,0.02,1.6,176,922485741825,100,60.24090266227722,2.0,0.9640555555555556,0.02,1.8,177,886535215268,100,78.54185342788696,2.0,0.8965,0.02,0.8,178,312248258909,100,173.23775577545166,2.0,0.9661666666666666,0.02,2.6,179,897057706678,100,76.67927145957947,450.56963062286377,0.0006678104400634766
125,1,33,3.3,5,10,2.88,3.04,0.9727111111111111,0.0304,5,2.8,0.9789444444444444,0.028,4.0,265,119586514258,100,57.68154048919678,3.0,0.9324444444444444,0.03,2.4,266,922485741825,100,114.41339468955994,3.0,0.9574444444444444,0.03,2.6,267,886535215268,100,84.50057482719421,3.2,0.9983888888888888,0.032,2.0,268,312248258909,100,38.03668522834778,3.2,0.9963333333333332,0.032,3.4,269,897057706678,100,37.62018036842346,332.25237560272217,114.55967020988464
126,1,11,1.1,5,10,1.3199999999999998,1.52,0.9832777777777778,0.0152,5,1.2,0.9903333333333332,0.012,1.4,150,119586514258,100,50.58279228210449,1.6,0.9694444444444444,0.016,0.8,151,922485741825,100,81.21528005599976,1.6,0.9676666666666668,0.016,1.4,152,886535215268,100,76.92999076843262,1.8,0.9935,0.018,1.4,153,312248258909,100,44.27572703361511,1.4,0.9954444444444444,0.014,1.6,154,897057706678,100,40.54914665222168,293.55293679237366,0.0012090206146240234
127,2,11,1.1,5,10,2.84,3.6800000000000006,0.9711277777777777,0.0368,5,4.0,0.9705277777777779,0.04,3.8,270,119586514258,100,128.55817556381226,3.8,0.9933611111111111,0.038,2.8,271,922485741825,100,73.40395832061768,3.6,0.967111111111111,0.036,3.0,272,886535215268,100,141.89737129211426,3.4,0.9806388888888888,0.034,2.4,273,312248258909,100,107.85688042640686,3.6,0.944,0.036,2.2,274,897057706678,100,203.92943477630615,655.6458203792572,204.1161606311798
128,1,11,1.1,5,10,1.3199999999999998,1.52,0.9832777777777778,0.0152,5,1.2,0.9903333333333332,0.012,1.4,150,119586514258,100,50.58279228210449,1.6,0.9694444444444444,0.016,0.8,151,922485741825,100,81.21528005599976,1.6,0.9676666666666668,0.016,1.4,152,886535215268,100,76.92999076843262,1.8,0.9935,0.018,1.4,153,312248258909,100,44.27572703361511,1.4,0.9954444444444444,0.014,1.6,154,897057706678,100,40.54914665222168,293.55293679237366,0.0014262199401855469
129,1,14,1.4,5,10,1.6800000000000002,1.92,0.9585888888888888,0.019200000000000002,5,1.6,0.9836666666666668,0.016,1.6,175,119586514258,100,61.86984729766846,2.0,0.9825555555555556,0.02,1.6,176,922485741825,100,60.24090266227722,2.0,0.9640555555555556,0.02,1.8,177,886535215268,100,78.54185342788696,2.0,0.8965,0.02,0.8,178,312248258909,100,173.23775577545166,2.0,0.9661666666666666,0.02,2.6,179,897057706678,100,76.67927145957947,450.56963062286377,0.0010223388671875
130,1,14,1.4,5,10,1.6800000000000002,1.92,0.9585888888888888,0.019200000000000002,5,1.6,0.9836666666666668,0.016,1.6,175,119586514258,100,61.86984729766846,2.0,0.9825555555555556,0.02,1.6,176,922485741825,100,60.24090266227722,2.0,0.9640555555555556,0.02,1.8,177,886535215268,100,78.54185342788696,2.0,0.8965,0.02,0.8,178,312248258909,100,173.23775577545166,2.0,0.9661666666666666,0.02,2.6,179,897057706678,100,76.67927145957947,450.56963062286377,0.0010006427764892578
131,2,14,1.4,5,10,3.44,4.040000000000001,0.9782722222222222,0.040400000000000005,5,4.6,0.9939166666666668,0.046,3.4,225,119586514258,100,68.7114646434784,3.6,0.9768888888888889,0.036,3.8,226,922485741825,100,128.56680369377136,3.8,0.9650555555555556,0.038,3.4,227,886535215268,100,151.61364889144897,3.8,0.9697777777777778,0.038,3.4,228,312248258909,100,133.7987139225006,4.4,0.9857222222222222,0.044,3.2,229,897057706678,100,90.09776616096497,572.7883973121643,0.0009963512420654297
